wk;day;date;time;home;xg_home;score;xg_away;away;attendance;venue;referee;match_report;notes;match_link
1;Fri;2022-08-05;20:00;Crystal Palace;1.2;0-2;1.0;Arsenal;25286;Selhurst Park;Anthony Taylor;Match Report;;https://fbref.com/en/matches/e62f6e78/Crystal-Palace-Arsenal-August-5-2022-Premier-League
1;Sat;2022-08-06;12:30;Fulham;1.2;2-2;1.2;Liverpool;22207;Craven Cottage;Andy Madley;Match Report;;https://fbref.com/en/matches/6713c1dc/Fulham-Liverpool-August-6-2022-Premier-League
1;Sat;2022-08-06;15:00;Tottenham;1.5;4-1;0.5;Southampton;61732;Tottenham Hotspur Stadium;Andre Marriner;Match Report;;https://fbref.com/en/matches/09d8a999/Tottenham-Hotspur-Southampton-August-6-2022-Premier-League
1;Sat;2022-08-06;15:00;Newcastle Utd;1.7;2-0;0.3;Nott'ham Forest;52245;St James' Park;Simon Hooper;Match Report;;https://fbref.com/en/matches/1ac96eb4/Newcastle-United-Nottingham-Forest-August-6-2022-Premier-League
1;Sat;2022-08-06;15:00;Leeds United;0.8;2-1;1.3;Wolves;36347;Elland Road;Robert Jones;Match Report;;https://fbref.com/en/matches/82702941/Leeds-United-Wolverhampton-Wanderers-August-6-2022-Premier-League
1;Sat;2022-08-06;15:00;Bournemouth;0.6;2-0;0.7;Aston Villa;11013;Vitality Stadium;Peter Bankes;Match Report;;https://fbref.com/en/matches/877e3193/Bournemouth-Aston-Villa-August-6-2022-Premier-League
1;Sat;2022-08-06;17:30;Everton;0.7;0-1;1.5;Chelsea;39254;Goodison Park;Craig Pawson;Match Report;;https://fbref.com/en/matches/3a917cee/Everton-Chelsea-August-6-2022-Premier-League
1;Sun;2022-08-07;14:00;Leicester City;0.6;2-2;0.8;Brentford;31794;King Power Stadium;Jarred Gillett;Match Report;;https://fbref.com/en/matches/3249ba27/Leicester-City-Brentford-August-7-2022-Premier-League
1;Sun;2022-08-07;14:00;Manchester Utd;1.4;1-2;1.5;Brighton;73711;Old Trafford;Paul Tierney;Match Report;;https://fbref.com/en/matches/8251694e/Manchester-United-Brighton-and-Hove-Albion-August-7-2022-Premier-League
1;Sun;2022-08-07;16:30;West Ham;0.5;0-2;2.2;Manchester City;62443;London Stadium;Michael Oliver;Match Report;;https://fbref.com/en/matches/ece62baf/West-Ham-United-Manchester-City-August-7-2022-Premier-League
2;Sat;2022-08-13;12:30;Aston Villa;2.3;2-1;1.6;Everton;41883;Villa Park;Michael Oliver;Match Report;;https://fbref.com/en/matches/8cd71c65/Aston-Villa-Everton-August-13-2022-Premier-League
2;Sat;2022-08-13;15:00;Manchester City;1.7;4-0;0.1;Bournemouth;53453;Etihad Stadium;David Coote;Match Report;;https://fbref.com/en/matches/311d705c/Manchester-City-Bournemouth-August-13-2022-Premier-League
2;Sat;2022-08-13;15:00;Southampton;1.2;2-2;1.8;Leeds United;30815;St. Mary's Stadium;Tony Harrington;Match Report;;https://fbref.com/en/matches/54b33a13/Southampton-Leeds-United-August-13-2022-Premier-League
2;Sat;2022-08-13;15:00;Wolves;0.9;0-0;1.5;Fulham;31178;Molineux Stadium;John Brooks;Match Report;;https://fbref.com/en/matches/669b1665/Wolverhampton-Wanderers-Fulham-August-13-2022-Premier-League
2;Sat;2022-08-13;15:00;Arsenal;2.7;4-2;0.5;Leicester City;60033;Emirates Stadium;Darren England;Match Report;;https://fbref.com/en/matches/7483b97f/Arsenal-Leicester-City-August-13-2022-Premier-League
2;Sat;2022-08-13;15:00;Brighton;1.5;0-0;0.2;Newcastle Utd;31552;The American Express Community Stadium;Graham Scott;Match Report;;https://fbref.com/en/matches/c916a5f6/Brighton-and-Hove-Albion-Newcastle-United-August-13-2022-Premier-League
2;Sat;2022-08-13;17:30;Brentford;1.6;4-0;0.9;Manchester Utd;17051;Brentford Community Stadium;Stuart Attwell;Match Report;;https://fbref.com/en/matches/04712d4e/Brentford-Manchester-United-August-13-2022-Premier-League
2;Sun;2022-08-14;14:00;Nott'ham Forest;1.3;1-0;2.1;West Ham;29281;The City Ground;Robert Jones;Match Report;;https://fbref.com/en/matches/b1ebeda5/Nottingham-Forest-West-Ham-United-August-14-2022-Premier-League
2;Sun;2022-08-14;16:30;Chelsea;1.6;2-2;1.0;Tottenham;39946;Stamford Bridge;Anthony Taylor;Match Report;;https://fbref.com/en/matches/01e57bf5/Chelsea-Tottenham-Hotspur-August-14-2022-Premier-League
2;Mon;2022-08-15;20:00;Liverpool;2.0;1-1;1.0;Crystal Palace;52970;Anfield;Paul Tierney;Match Report;;https://fbref.com/en/matches/b3c6f709/Liverpool-Crystal-Palace-August-15-2022-Premier-League
3;Sat;2022-08-20;12:30;Tottenham;1.7;1-0;0.7;Wolves;61298;Tottenham Hotspur Stadium;Simon Hooper;Match Report;;https://fbref.com/en/matches/5cc3bd0e/Tottenham-Hotspur-Wolverhampton-Wanderers-August-20-2022-Premier-League
3;Sat;2022-08-20;15:00;Leicester City;0.3;1-2;0.9;Southampton;30850;King Power Stadium;Michael Salisbury;Match Report;;https://fbref.com/en/matches/02efd4d1/Leicester-City-Southampton-August-20-2022-Premier-League
3;Sat;2022-08-20;15:00;Everton;1.5;1-1;1.0;Nott'ham Forest;39271;Goodison Park;Andre Marriner;Match Report;;https://fbref.com/en/matches/3c3cc86f/Everton-Nottingham-Forest-August-20-2022-Premier-League
3;Sat;2022-08-20;15:00;Crystal Palace;2.6;3-1;0.9;Aston Villa;22012;Selhurst Park;Andy Madley;Match Report;;https://fbref.com/en/matches/3f89bccf/Crystal-Palace-Aston-Villa-August-20-2022-Premier-League
3;Sat;2022-08-20;15:00;Fulham;2.4;3-2;1.8;Brentford;21798;Craven Cottage;Peter Bankes;Match Report;;https://fbref.com/en/matches/a107c037/Fulham-Brentford-August-20-2022-Premier-League
3;Sat;2022-08-20;17:30;Bournemouth;0.3;0-3;1.3;Arsenal;10423;Vitality Stadium;Craig Pawson;Match Report;;https://fbref.com/en/matches/7f11dd9e/Bournemouth-Arsenal-August-20-2022-Premier-League
3;Sun;2022-08-21;14:00;Leeds United;2.1;3-0;0.9;Chelsea;36372;Elland Road;Stuart Attwell;Match Report;;https://fbref.com/en/matches/a5632124/Leeds-United-Chelsea-August-21-2022-Premier-League
3;Sun;2022-08-21;14:00;West Ham;0.8;0-2;1.7;Brighton;62449;London Stadium;Anthony Taylor;Match Report;;https://fbref.com/en/matches/aa2a3517/West-Ham-United-Brighton-and-Hove-Albion-August-21-2022-Premier-League
3;Sun;2022-08-21;16:30;Newcastle Utd;1.8;3-3;2.1;Manchester City;52258;St James' Park;Jarred Gillett;Match Report;;https://fbref.com/en/matches/b513d9fe/Newcastle-United-Manchester-City-August-21-2022-Premier-League
3;Mon;2022-08-22;20:00;Manchester Utd;1.8;2-1;1.3;Liverpool;74147;Old Trafford;Michael Oliver;Match Report;;https://fbref.com/en/matches/3c9a8f71/North-West-Derby-Manchester-United-Liverpool-August-22-2022-Premier-League
4;Sat;2022-08-27;12:30;Southampton;1.4;0-1;1.1;Manchester Utd;31196;St. Mary's Stadium;Andy Madley;Match Report;;https://fbref.com/en/matches/dff99b20/Southampton-Manchester-United-August-27-2022-Premier-League
4;Sat;2022-08-27;15:00;Manchester City;2.2;4-2;0.1;Crystal Palace;53112;Etihad Stadium;Darren England;Match Report;;https://fbref.com/en/matches/3b9bbac7/Manchester-City-Crystal-Palace-August-27-2022-Premier-League
4;Sat;2022-08-27;15:00;Brighton;2.0;1-0;1.8;Leeds United;30953;The American Express Community Stadium;Michael Salisbury;Match Report;;https://fbref.com/en/matches/77c70160/Brighton-and-Hove-Albion-Leeds-United-August-27-2022-Premier-League
4;Sat;2022-08-27;15:00;Chelsea;1.8;2-1;2.5;Leicester City;39953;Stamford Bridge;Paul Tierney;Match Report;;https://fbref.com/en/matches/b737a3a7/Chelsea-Leicester-City-August-27-2022-Premier-League
4;Sat;2022-08-27;15:00;Brentford;2.1;1-1;1.1;Everton;17009;Brentford Community Stadium;John Brooks;Match Report;;https://fbref.com/en/matches/db59fc65/Brentford-Everton-August-27-2022-Premier-League
4;Sat;2022-08-27;15:00;Liverpool;3.3;9-0;0.3;Bournemouth;53328;Anfield;Stuart Attwell;Match Report;;https://fbref.com/en/matches/de515487/Liverpool-Bournemouth-August-27-2022-Premier-League
4;Sat;2022-08-27;17:30;Arsenal;2.6;2-1;0.8;Fulham;60164;Emirates Stadium;Jarred Gillett;Match Report;;https://fbref.com/en/matches/8b69fd2d/Arsenal-Fulham-August-27-2022-Premier-League
4;Sun;2022-08-28;14:00;Wolves;0.7;1-1;1.7;Newcastle Utd;31311;Molineux Stadium;Peter Bankes;Match Report;;https://fbref.com/en/matches/15d62d04/Wolverhampton-Wanderers-Newcastle-United-August-28-2022-Premier-League
4;Sun;2022-08-28;14:00;Aston Villa;0.5;0-1;0.6;West Ham;41796;Villa Park;David Coote;Match Report;;https://fbref.com/en/matches/659b9113/Aston-Villa-West-Ham-United-August-28-2022-Premier-League
4;Sun;2022-08-28;16:30;Nott'ham Forest;0.9;0-2;2.4;Tottenham;29296;The City Ground;Craig Pawson;Match Report;;https://fbref.com/en/matches/3c364307/Nottingham-Forest-Tottenham-Hotspur-August-28-2022-Premier-League
5;Tue;2022-08-30;19:30;Fulham;0.7;2-1;1.4;Brighton;22224;Craven Cottage;Thomas Bramall;Match Report;;https://fbref.com/en/matches/361f4461/Fulham-Brighton-and-Hove-Albion-August-30-2022-Premier-League
5;Tue;2022-08-30;19:30;Crystal Palace;1.0;1-1;1.4;Brentford;25043;Selhurst Park;Simon Hooper;Match Report;;https://fbref.com/en/matches/e1d6440f/Crystal-Palace-Brentford-August-30-2022-Premier-League
5;Tue;2022-08-30;19:45;Southampton;1.1;2-1;1.1;Chelsea;31542;St. Mary's Stadium;Michael Oliver;Match Report;;https://fbref.com/en/matches/afd303a8/Southampton-Chelsea-August-30-2022-Premier-League
5;Tue;2022-08-30;20:00;Leeds United;1.0;1-1;1.0;Everton;36338;Elland Road;Darren England;Match Report;;https://fbref.com/en/matches/42d294e5/Leeds-United-Everton-August-30-2022-Premier-League
5;Wed;2022-08-31;19:30;Bournemouth;0.4;0-0;1.5;Wolves;10113;Vitality Stadium;Anthony Taylor;Match Report;;https://fbref.com/en/matches/91b239d8/Bournemouth-Wolverhampton-Wanderers-August-31-2022-Premier-League
5;Wed;2022-08-31;19:30;Manchester City;3.3;6-0;0.7;Nott'ham Forest;53409;Etihad Stadium;Paul Tierney;Match Report;;https://fbref.com/en/matches/9760b466/Manchester-City-Nottingham-Forest-August-31-2022-Premier-League
5;Wed;2022-08-31;19:30;Arsenal;2.4;2-1;0.4;Aston Villa;60012;Emirates Stadium;Robert Jones;Match Report;;https://fbref.com/en/matches/cc235aad/Arsenal-Aston-Villa-August-31-2022-Premier-League
5;Wed;2022-08-31;19:45;West Ham;1.2;1-1;0.6;Tottenham;62450;London Stadium;Peter Bankes;Match Report;;https://fbref.com/en/matches/9f221621/West-Ham-United-Tottenham-Hotspur-August-31-2022-Premier-League
5;Wed;2022-08-31;20:00;Liverpool;1.5;2-1;0.7;Newcastle Utd;53316;Anfield;Andre Marriner;Match Report;;https://fbref.com/en/matches/ac6047cf/Liverpool-Newcastle-United-August-31-2022-Premier-League
5;Thu;2022-09-01;20:00;Leicester City;0.7;0-1;1.5;Manchester Utd;32226;King Power Stadium;Craig Pawson;Match Report;;https://fbref.com/en/matches/c1f25d02/Leicester-City-Manchester-United-September-1-2022-Premier-League
6;Sat;2022-09-03;12:30;Everton;1.7;0-0;2.1;Liverpool;39240;Goodison Park;Anthony Taylor;Match Report;;https://fbref.com/en/matches/073227b6/Merseyside-Derby-Everton-Liverpool-September-3-2022-Premier-League
6;Sat;2022-09-03;15:00;Nott'ham Forest;1.9;2-3;0.8;Bournemouth;28720;The City Ground;Michael Oliver;Match Report;;https://fbref.com/en/matches/05f32555/Nottingham-Forest-Bournemouth-September-3-2022-Premier-League
6;Sat;2022-09-03;15:00;Wolves;0.8;1-0;1.2;Southampton;30546;Molineux Stadium;John Brooks;Match Report;;https://fbref.com/en/matches/13f50518/Wolverhampton-Wanderers-Southampton-September-3-2022-Premier-League
6;Sat;2022-09-03;15:00;Newcastle Utd;2.8;0-0;1.0;Crystal Palace;51863;St James' Park;Michael Salisbury;Match Report;;https://fbref.com/en/matches/4ca4efa3/Newcastle-United-Crystal-Palace-September-3-2022-Premier-League
6;Sat;2022-09-03;15:00;Brentford;2.3;5-2;1.7;Leeds United;17092;Brentford Community Stadium;Robert Jones;Match Report;;https://fbref.com/en/matches/88f9aad9/Brentford-Leeds-United-September-3-2022-Premier-League
6;Sat;2022-09-03;15:00;Tottenham;2.9;2-1;0.7;Fulham;61641;Tottenham Hotspur Stadium;Stuart Attwell;Match Report;;https://fbref.com/en/matches/a497b725/Tottenham-Hotspur-Fulham-September-3-2022-Premier-League
6;Sat;2022-09-03;15:00;Chelsea;0.9;2-1;1.1;West Ham;39923;Stamford Bridge;Andy Madley;Match Report;;https://fbref.com/en/matches/d7642197/Chelsea-West-Ham-United-September-3-2022-Premier-League
6;Sat;2022-09-03;17:30;Aston Villa;0.3;1-1;2.1;Manchester City;41830;Villa Park;Simon Hooper;Match Report;;https://fbref.com/en/matches/3091f0b8/Aston-Villa-Manchester-City-September-3-2022-Premier-League
6;Sun;2022-09-04;14:00;Brighton;2.6;5-2;1.4;Leicester City;31185;The American Express Community Stadium;Tony Harrington;Match Report;;https://fbref.com/en/matches/42d5b3b1/Brighton-and-Hove-Albion-Leicester-City-September-4-2022-Premier-League
6;Sun;2022-09-04;16:30;Manchester Utd;1.5;3-1;1.3;Arsenal;73431;Old Trafford;Paul Tierney;Match Report;;https://fbref.com/en/matches/61ddafa5/Manchester-United-Arsenal-September-4-2022-Premier-League
8;Fri;2022-09-16;20:00;Aston Villa;1.5;1-0;0.3;Southampton;40758;Villa Park;Tony Harrington;Match Report;;https://fbref.com/en/matches/1219daa1/Aston-Villa-Southampton-September-16-2022-Premier-League
8;Fri;2022-09-16;20:00;Nott'ham Forest;1.4;2-3;0.9;Fulham;28654;The City Ground;Jarred Gillett;Match Report;;https://fbref.com/en/matches/d0d07e66/Nottingham-Forest-Fulham-September-16-2022-Premier-League
8;Sat;2022-09-17;12:30;Wolves;0.4;0-3;1.1;Manchester City;31578;Molineux Stadium;Anthony Taylor;Match Report;;https://fbref.com/en/matches/96b5cc15/Wolverhampton-Wanderers-Manchester-City-September-17-2022-Premier-League
8;Sat;2022-09-17;15:00;Newcastle Utd;1.9;1-1;0.7;Bournemouth;52238;St James' Park;Craig Pawson;Match Report;;https://fbref.com/en/matches/177da679/Newcastle-United-Bournemouth-September-17-2022-Premier-League
8;Sat;2022-09-17;17:30;Tottenham;2.2;6-2;1.8;Leicester City;61450;Tottenham Hotspur Stadium;Simon Hooper;Match Report;;https://fbref.com/en/matches/99e44c16/Tottenham-Hotspur-Leicester-City-September-17-2022-Premier-League
8;Sun;2022-09-18;12:00;Brentford;0.5;0-3;1.5;Arsenal;17122;Brentford Community Stadium;David Coote;Match Report;;https://fbref.com/en/matches/fd5626e6/Brentford-Arsenal-September-18-2022-Premier-League
8;Sun;2022-09-18;14:15;Everton;0.4;1-0;1.0;West Ham;39298;Goodison Park;Michael Oliver;Match Report;;https://fbref.com/en/matches/96e9dc0f/Everton-West-Ham-United-September-18-2022-Premier-League
9;Sat;2022-10-01;12:30;Arsenal;2.4;3-1;1.6;Tottenham;60278;Emirates Stadium;Anthony Taylor;Match Report;;https://fbref.com/en/matches/aefe3b90/North-London-Derby-Arsenal-Tottenham-Hotspur-October-1-2022-Premier-League
9;Sat;2022-10-01;15:00;Southampton;1.7;1-2;2.0;Everton;30510;St. Mary's Stadium;Andre Marriner;Match Report;;https://fbref.com/en/matches/06d00bcb/Southampton-Everton-October-1-2022-Premier-League
9;Sat;2022-10-01;15:00;Crystal Palace;0.4;1-2;1.1;Chelsea;25198;Selhurst Park;Chris Kavanagh;Match Report;;https://fbref.com/en/matches/372249f3/Crystal-Palace-Chelsea-October-1-2022-Premier-League
9;Sat;2022-10-01;15:00;Liverpool;1.5;3-3;1.4;Brighton;53320;Anfield;Andy Madley;Match Report;;https://fbref.com/en/matches/aadd2e80/Liverpool-Brighton-and-Hove-Albion-October-1-2022-Premier-League
9;Sat;2022-10-01;15:00;Fulham;0.5;1-4;3.3;Newcastle Utd;22913;Craven Cottage;Darren England;Match Report;;https://fbref.com/en/matches/dcde1172/Fulham-Newcastle-United-October-1-2022-Premier-League
9;Sat;2022-10-01;15:00;Bournemouth;0.4;0-0;0.9;Brentford;10126;Vitality Stadium;Thomas Bramall;Match Report;;https://fbref.com/en/matches/f2e86b27/Bournemouth-Brentford-October-1-2022-Premier-League
9;Sat;2022-10-01;17:30;West Ham;0.9;2-0;0.7;Wolves;62444;London Stadium;Paul Tierney;Match Report;;https://fbref.com/en/matches/89ff6cd8/West-Ham-United-Wolverhampton-Wanderers-October-1-2022-Premier-League
9;Sun;2022-10-02;14:00;Manchester City;3.2;6-3;1.7;Manchester Utd;53475;Etihad Stadium;Michael Oliver;Match Report;;https://fbref.com/en/matches/886e6108/Manchester-Derby-Manchester-City-Manchester-United-October-2-2022-Premier-League
9;Sun;2022-10-02;16:30;Leeds United;0.4;0-0;2.2;Aston Villa;36582;Elland Road;Stuart Attwell;Match Report;;https://fbref.com/en/matches/627d2279/Leeds-United-Aston-Villa-October-2-2022-Premier-League
9;Mon;2022-10-03;20:00;Leicester City;1.3;4-0;1.1;Nott'ham Forest;32202;King Power Stadium;Robert Jones;Match Report;;https://fbref.com/en/matches/a7976021/Leicester-City-Nottingham-Forest-October-3-2022-Premier-League
10;Sat;2022-10-08;15:00;Bournemouth;1.1;2-1;1.0;Leicester City;10272;Vitality Stadium;Michael Salisbury;Match Report;;https://fbref.com/en/matches/7db2a40a/Bournemouth-Leicester-City-October-8-2022-Premier-League
10;Sat;2022-10-08;15:00;Newcastle Utd;1.5;5-1;1.2;Brentford;52067;St James' Park;John Brooks;Match Report;;https://fbref.com/en/matches/7dd42d3f/Newcastle-United-Brentford-October-8-2022-Premier-League
10;Sat;2022-10-08;15:00;Manchester City;2.4;4-0;0.2;Southampton;53365;Etihad Stadium;Andy Madley;Match Report;;https://fbref.com/en/matches/864294c0/Manchester-City-Southampton-October-8-2022-Premier-League
10;Sat;2022-10-08;15:00;Chelsea;1.9;3-0;1.1;Wolves;39940;Stamford Bridge;Simon Hooper;Match Report;;https://fbref.com/en/matches/c83cb314/Chelsea-Wolverhampton-Wanderers-October-8-2022-Premier-League
10;Sat;2022-10-08;17:30;Brighton;0.7;0-1;0.8;Tottenham;31498;The American Express Community Stadium;Tony Harrington;Match Report;;https://fbref.com/en/matches/3eeefbc5/Brighton-and-Hove-Albion-Tottenham-Hotspur-October-8-2022-Premier-League
10;Sun;2022-10-09;14:00;West Ham;2.4;3-1;0.7;Fulham;62407;London Stadium;Chris Kavanagh;Match Report;;https://fbref.com/en/matches/42e38f9d/West-Ham-United-Fulham-October-9-2022-Premier-League
10;Sun;2022-10-09;14:00;Crystal Palace;1.1;2-1;1.0;Leeds United;25042;Selhurst Park;Paul Tierney;Match Report;;https://fbref.com/en/matches/f9563020/Crystal-Palace-Leeds-United-October-9-2022-Premier-League
10;Sun;2022-10-09;16:30;Arsenal;2.7;3-2;1.1;Liverpool;60059;Emirates Stadium;Michael Oliver;Match Report;;https://fbref.com/en/matches/84a48413/Arsenal-Liverpool-October-9-2022-Premier-League
10;Sun;2022-10-09;19:00;Everton;0.6;1-2;1.4;Manchester Utd;39258;Goodison Park;David Coote;Match Report;;https://fbref.com/en/matches/5d426690/Everton-Manchester-United-October-9-2022-Premier-League
10;Mon;2022-10-10;20:00;Nott'ham Forest;0.3;1-1;0.7;Aston Villa;29208;The City Ground;Anthony Taylor;Match Report;;https://fbref.com/en/matches/fb99ddf9/Nottingham-Forest-Aston-Villa-October-10-2022-Premier-League
11;Fri;2022-10-14;20:00;Brentford;1.5;2-0;1.9;Brighton;17016;Brentford Community Stadium;Michael Salisbury;Match Report;;https://fbref.com/en/matches/69409682/Brentford-Brighton-and-Hove-Albion-October-14-2022-Premier-League
11;Sat;2022-10-15;12:30;Leicester City;1.0;0-0;0.4;Crystal Palace;31298;King Power Stadium;Andy Madley;Match Report;;https://fbref.com/en/matches/37677e58/Leicester-City-Crystal-Palace-October-15-2022-Premier-League
11;Sat;2022-10-15;15:00;Fulham;2.1;2-2;1.0;Bournemouth;22541;Craven Cottage;Graham Scott;Match Report;;https://fbref.com/en/matches/ab7f61dd/Fulham-Bournemouth-October-15-2022-Premier-League
11;Sat;2022-10-15;15:00;Wolves;1.3;1-0;1.5;Nott'ham Forest;31554;Molineux Stadium;Thomas Bramall;Match Report;;https://fbref.com/en/matches/c9f8e7e9/Wolverhampton-Wanderers-Nottingham-Forest-October-15-2022-Premier-League
11;Sat;2022-10-15;17:30;Tottenham;2.2;2-0;0.4;Everton;61812;Tottenham Hotspur Stadium;Paul Tierney;Match Report;;https://fbref.com/en/matches/e42493f9/Tottenham-Hotspur-Everton-October-15-2022-Premier-League
11;Sun;2022-10-16;14:00;Southampton;0.5;1-1;1.7;West Ham;29159;St. Mary's Stadium;Peter Bankes;Match Report;;https://fbref.com/en/matches/2f5adfad/Southampton-West-Ham-United-October-16-2022-Premier-League
11;Sun;2022-10-16;14:00;Aston Villa;1.8;0-2;0.9;Chelsea;41754;Villa Park;Robert Jones;Match Report;;https://fbref.com/en/matches/7113ce7f/Aston-Villa-Chelsea-October-16-2022-Premier-League
11;Sun;2022-10-16;14:00;Leeds United;1.8;0-1;0.5;Arsenal;36700;Elland Road;Chris Kavanagh;Match Report;;https://fbref.com/en/matches/92885cfc/Leeds-United-Arsenal-October-16-2022-Premier-League
11;Sun;2022-10-16;14:00;Manchester Utd;0.8;0-0;0.8;Newcastle Utd;73726;Old Trafford;Craig Pawson;Match Report;;https://fbref.com/en/matches/e0b9c72c/Manchester-United-Newcastle-United-October-16-2022-Premier-League
11;Sun;2022-10-16;16:30;Liverpool;2.1;1-0;1.0;Manchester City;53286;Anfield;Anthony Taylor;Match Report;;https://fbref.com/en/matches/2ed4b79f/Liverpool-Manchester-City-October-16-2022-Premier-League
12;Tue;2022-10-18;19:30;Brighton;1.7;0-0;0.1;Nott'ham Forest;31463;The American Express Community Stadium;Darren England;Match Report;;https://fbref.com/en/matches/4f876daa/Brighton-and-Hove-Albion-Nottingham-Forest-October-18-2022-Premier-League
12;Tue;2022-10-18;20:15;Crystal Palace;1.2;2-1;0.8;Wolves;25125;Selhurst Park;David Coote;Match Report;;https://fbref.com/en/matches/60705c6d/Crystal-Palace-Wolverhampton-Wanderers-October-18-2022-Premier-League
12;Wed;2022-10-19;19:30;Bournemouth;1.0;0-1;1.0;Southampton;10405;Vitality Stadium;John Brooks;Match Report;;https://fbref.com/en/matches/8a2bb3b6/Bournemouth-Southampton-October-19-2022-Premier-League
12;Wed;2022-10-19;19:30;Brentford;1.3;0-0;0.9;Chelsea;17118;Brentford Community Stadium;Jarred Gillett;Match Report;;https://fbref.com/en/matches/b7a32aeb/Brentford-Chelsea-October-19-2022-Premier-League
12;Wed;2022-10-19;19:30;Liverpool;1.7;1-0;1.7;West Ham;52982;Anfield;Stuart Attwell;Match Report;;https://fbref.com/en/matches/dba5c5ec/Liverpool-West-Ham-United-October-19-2022-Premier-League
12;Wed;2022-10-19;19:30;Newcastle Utd;1.5;1-0;0.2;Everton;52247;St James' Park;Tony Harrington;Match Report;;https://fbref.com/en/matches/e6674f8d/Newcastle-United-Everton-October-19-2022-Premier-League
12;Wed;2022-10-19;20:15;Manchester Utd;1.5;2-0;0.6;Tottenham;73677;Old Trafford;Simon Hooper;Match Report;;https://fbref.com/en/matches/eebe78c1/Manchester-United-Tottenham-Hotspur-October-19-2022-Premier-League
12;Thu;2022-10-20;19:30;Fulham;2.1;3-0;1.2;Aston Villa;23508;Craven Cottage;Michael Oliver;Match Report;;https://fbref.com/en/matches/e6102606/Fulham-Aston-Villa-October-20-2022-Premier-League
12;Thu;2022-10-20;20:15;Leicester City;0.8;2-0;1.3;Leeds United;30814;King Power Stadium;Peter Bankes;Match Report;;https://fbref.com/en/matches/6356af5a/Leicester-City-Leeds-United-October-20-2022-Premier-League
13;Sat;2022-10-22;12:30;Nott'ham Forest;1.9;1-0;1.6;Liverpool;29245;The City Ground;Paul Tierney;Match Report;;https://fbref.com/en/matches/f92b67c2/Nottingham-Forest-Liverpool-October-22-2022-Premier-League
13;Sat;2022-10-22;15:00;Everton;1.4;3-0;0.9;Crystal Palace;38939;Goodison Park;Simon Hooper;Match Report;;https://fbref.com/en/matches/24d23a55/Everton-Crystal-Palace-October-22-2022-Premier-League
13;Sat;2022-10-22;15:00;Manchester City;1.6;3-1;0.5;Brighton;53223;Etihad Stadium;Craig Pawson;Match Report;;https://fbref.com/en/matches/cd5cd3f0/Manchester-City-Brighton-and-Hove-Albion-October-22-2022-Premier-League
13;Sat;2022-10-22;17:30;Chelsea;1.1;1-1;0.8;Manchester Utd;39503;Stamford Bridge;Stuart Attwell;Match Report;;https://fbref.com/en/matches/7ad85c8a/Chelsea-Manchester-United-October-22-2022-Premier-League
13;Sun;2022-10-23;14:00;Aston Villa;2.8;4-0;0.9;Brentford;41693;Villa Park;Darren England;Match Report;;https://fbref.com/en/matches/7764ca02/Aston-Villa-Brentford-October-23-2022-Premier-League
13;Sun;2022-10-23;14:00;Wolves;2.1;0-4;0.9;Leicester City;31425;Molineux Stadium;Michael Oliver;Match Report;;https://fbref.com/en/matches/8774e664/Wolverhampton-Wanderers-Leicester-City-October-23-2022-Premier-League
13;Sun;2022-10-23;14:00;Leeds United;1.6;2-3;1.8;Fulham;36447;Elland Road;Anthony Taylor;Match Report;;https://fbref.com/en/matches/d7b30e2b/Leeds-United-Fulham-October-23-2022-Premier-League
13;Sun;2022-10-23;14:00;Southampton;0.7;1-1;1.0;Arsenal;31145;St. Mary's Stadium;Robert Jones;Match Report;;https://fbref.com/en/matches/d8138438/Southampton-Arsenal-October-23-2022-Premier-League
13;Sun;2022-10-23;16:30;Tottenham;1.6;1-2;1.2;Newcastle Utd;61726;Tottenham Hotspur Stadium;Jarred Gillett;Match Report;;https://fbref.com/en/matches/ae21490f/Tottenham-Hotspur-Newcastle-United-October-23-2022-Premier-League
13;Mon;2022-10-24;20:00;West Ham;1.9;2-0;0.4;Bournemouth;62447;London Stadium;David Coote;Match Report;;https://fbref.com/en/matches/e9d1a18b/West-Ham-United-Bournemouth-October-24-2022-Premier-League
14;Sat;2022-10-29;12:30;Leicester City;0.7;0-1;1.0;Manchester City;32223;King Power Stadium;Robert Jones;Match Report;;https://fbref.com/en/matches/96b9ae4e/Leicester-City-Manchester-City-October-29-2022-Premier-League
14;Sat;2022-10-29;15:00;Brentford;1.4;1-1;0.6;Wolves;17051;Brentford Community Stadium;Robert Madley;Match Report;;https://fbref.com/en/matches/41e403d3/Brentford-Wolverhampton-Wanderers-October-29-2022-Premier-League
14;Sat;2022-10-29;15:00;Crystal Palace;0.9;1-0;1.3;Southampton;25130;Selhurst Park;Michael Salisbury;Match Report;;https://fbref.com/en/matches/4be07239/Crystal-Palace-Southampton-October-29-2022-Premier-League
14;Sat;2022-10-29;15:00;Newcastle Utd;3.4;4-0;0.4;Aston Villa;52233;St James' Park;Paul Tierney;Match Report;;https://fbref.com/en/matches/96f5ee84/Newcastle-United-Aston-Villa-October-29-2022-Premier-League
14;Sat;2022-10-29;15:00;Brighton;2.4;4-1;1.4;Chelsea;31746;The American Express Community Stadium;Andy Madley;Match Report;;https://fbref.com/en/matches/ac6abad1/Brighton-and-Hove-Albion-Chelsea-October-29-2022-Premier-League
14;Sat;2022-10-29;15:00;Bournemouth;0.5;2-3;2.0;Tottenham;10430;Vitality Stadium;Anthony Taylor;Match Report;;https://fbref.com/en/matches/dcb3b971/Bournemouth-Tottenham-Hotspur-October-29-2022-Premier-League
14;Sat;2022-10-29;17:30;Fulham;1.9;0-0;0.9;Everton;23534;Craven Cottage;John Brooks;Match Report;;https://fbref.com/en/matches/9c4402e1/Fulham-Everton-October-29-2022-Premier-League
14;Sat;2022-10-29;19:45;Liverpool;1.7;1-2;1.8;Leeds United;53274;Anfield;Michael Oliver;Match Report;;https://fbref.com/en/matches/b5b1e744/Liverpool-Leeds-United-October-29-2022-Premier-League
14;Sun;2022-10-30;14:00;Arsenal;2.3;5-0;0.4;Nott'ham Forest;60263;Emirates Stadium;Simon Hooper;Match Report;;https://fbref.com/en/matches/1b496cc1/Arsenal-Nottingham-Forest-October-30-2022-Premier-League
14;Sun;2022-10-30;16:15;Manchester Utd;1.2;1-0;1.1;West Ham;73682;Old Trafford;Chris Kavanagh;Match Report;;https://fbref.com/en/matches/cd0f59f6/Manchester-United-West-Ham-United-October-30-2022-Premier-League
15;Sat;2022-11-05;15:00;Nott'ham Forest;1.5;2-2;1.5;Brentford;28869;The City Ground;Andre Marriner;Match Report;;https://fbref.com/en/matches/12251835/Nottingham-Forest-Brentford-November-5-2022-Premier-League
15;Sat;2022-11-05;15:00;Leeds United;2.2;4-3;1.5;Bournemouth;36304;Elland Road;Tony Harrington;Match Report;;https://fbref.com/en/matches/63975c3e/Leeds-United-Bournemouth-November-5-2022-Premier-League
15;Sat;2022-11-05;15:00;Manchester City;2.1;2-1;1.0;Fulham;52395;Etihad Stadium;Darren England;Match Report;;https://fbref.com/en/matches/6ef27b3c/Manchester-City-Fulham-November-5-2022-Premier-League
15;Sat;2022-11-05;15:00;Wolves;1.2;2-3;1.5;Brighton;30732;Molineux Stadium;Graham Scott;Match Report;;https://fbref.com/en/matches/982d16a2/Wolverhampton-Wanderers-Brighton-and-Hove-Albion-November-5-2022-Premier-League
15;Sat;2022-11-05;17:30;Everton;1.2;0-2;2.3;Leicester City;39206;Goodison Park;David Coote;Match Report;;https://fbref.com/en/matches/831c73fc/Everton-Leicester-City-November-5-2022-Premier-League
15;Sun;2022-11-06;12:00;Chelsea;0.3;0-1;2.1;Arsenal;40142;Stamford Bridge;Michael Oliver;Match Report;;https://fbref.com/en/matches/af9dc838/North-West-London-Derby-Chelsea-Arsenal-November-6-2022-Premier-League
15;Sun;2022-11-06;14:00;West Ham;0.3;1-2;1.0;Crystal Palace;62451;London Stadium;Paul Tierney;Match Report;;https://fbref.com/en/matches/2586fb04/West-Ham-United-Crystal-Palace-November-6-2022-Premier-League
15;Sun;2022-11-06;14:00;Southampton;1.7;1-4;0.9;Newcastle Utd;30402;St. Mary's Stadium;Stuart Attwell;Match Report;;https://fbref.com/en/matches/57f9bcc9/Southampton-Newcastle-United-November-6-2022-Premier-League
15;Sun;2022-11-06;14:00;Aston Villa;0.6;3-1;0.5;Manchester Utd;42058;Villa Park;Anthony Taylor;Match Report;;https://fbref.com/en/matches/6638574f/Aston-Villa-Manchester-United-November-6-2022-Premier-League
15;Sun;2022-11-06;16:30;Tottenham;1.2;1-2;1.2;Liverpool;62008;Tottenham Hotspur Stadium;Andy Madley;Match Report;;https://fbref.com/en/matches/2954504d/Tottenham-Hotspur-Liverpool-November-6-2022-Premier-League
16;Sat;2022-11-12;12:30;Manchester City;1.6;1-2;1.3;Brentford;52786;Etihad Stadium;Peter Bankes;Match Report;;https://fbref.com/en/matches/28b60c1b/Manchester-City-Brentford-November-12-2022-Premier-League
16;Sat;2022-11-12;15:00;Tottenham;1.8;4-3;1.1;Leeds United;61667;Tottenham Hotspur Stadium;Michael Salisbury;Match Report;;https://fbref.com/en/matches/0030e686/Tottenham-Hotspur-Leeds-United-November-12-2022-Premier-League
16;Sat;2022-11-12;15:00;Liverpool;1.9;3-1;1.1;Southampton;53331;Anfield;Simon Hooper;Match Report;;https://fbref.com/en/matches/1579d34b/Liverpool-Southampton-November-12-2022-Premier-League
16;Sat;2022-11-12;15:00;Bournemouth;2.4;3-0;0.8;Everton;10382;Vitality Stadium;Craig Pawson;Match Report;;https://fbref.com/en/matches/54f23f03/Bournemouth-Everton-November-12-2022-Premier-League
16;Sat;2022-11-12;15:00;West Ham;1.4;0-2;1.8;Leicester City;62459;London Stadium;Jarred Gillett;Match Report;;https://fbref.com/en/matches/6e89557a/West-Ham-United-Leicester-City-November-12-2022-Premier-League
16;Sat;2022-11-12;15:00;Nott'ham Forest;1.1;1-0;1.2;Crystal Palace;29045;The City Ground;John Brooks;Match Report;;https://fbref.com/en/matches/ee827a60/Nottingham-Forest-Crystal-Palace-November-12-2022-Premier-League
16;Sat;2022-11-12;17:30;Newcastle Utd;1.0;1-0;0.3;Chelsea;52264;St James' Park;Robert Jones;Match Report;;https://fbref.com/en/matches/e1b3eb1b/Newcastle-United-Chelsea-November-12-2022-Premier-League
16;Sat;2022-11-12;19:45;Wolves;0.7;0-2;2.1;Arsenal;34624;Molineux Stadium;Stuart Attwell;Match Report;;https://fbref.com/en/matches/863d7a8f/Wolverhampton-Wanderers-Arsenal-November-12-2022-Premier-League
16;Sun;2022-11-13;14:00;Brighton;0.6;1-2;1.5;Aston Villa;31581;The American Express Community Stadium;Chris Kavanagh;Match Report;;https://fbref.com/en/matches/a7031cbd/Brighton-and-Hove-Albion-Aston-Villa-November-13-2022-Premier-League
16;Sun;2022-11-13;16:30;Fulham;1.4;1-2;2.5;Manchester Utd;24246;Craven Cottage;Paul Tierney;Match Report;;https://fbref.com/en/matches/af75b6b0/Fulham-Manchester-United-November-13-2022-Premier-League
17;Mon;2022-12-26;12:30;Brentford;2.0;2-2;1.1;Tottenham;17137;Brentford Community Stadium;David Coote;Match Report;;https://fbref.com/en/matches/14e4f648/Brentford-Tottenham-Hotspur-December-26-2022-Premier-League
17;Mon;2022-12-26;15:00;Southampton;1.9;1-3;0.6;Brighton;31010;St. Mary's Stadium;Robert Jones;Match Report;;https://fbref.com/en/matches/3527c390/Southampton-Brighton-and-Hove-Albion-December-26-2022-Premier-League
17;Mon;2022-12-26;15:00;Leicester City;0.5;0-3;1.9;Newcastle Utd;32185;King Power Stadium;Jarred Gillett;Match Report;;https://fbref.com/en/matches/8e186153/Leicester-City-Newcastle-United-December-26-2022-Premier-League
17;Mon;2022-12-26;15:00;Crystal Palace;0.4;0-3;2.5;Fulham;25176;Selhurst Park;Andy Madley;Match Report;;https://fbref.com/en/matches/bbb301a6/Crystal-Palace-Fulham-December-26-2022-Premier-League
17;Mon;2022-12-26;15:00;Everton;1.7;1-2;0.8;Wolves;39252;Goodison Park;Craig Pawson;Match Report;;https://fbref.com/en/matches/ef424180/Everton-Wolverhampton-Wanderers-December-26-2022-Premier-League
17;Mon;2022-12-26;17:30;Aston Villa;1.4;1-3;2.7;Liverpool;42085;Villa Park;Paul Tierney;Match Report;;https://fbref.com/en/matches/ab7d4465/Aston-Villa-Liverpool-December-26-2022-Premier-League
17;Mon;2022-12-26;20:00;Arsenal;2.1;3-1;1.0;West Ham;60125;Emirates Stadium;Michael Oliver;Match Report;;https://fbref.com/en/matches/3be32b8b/Arsenal-West-Ham-United-December-26-2022-Premier-League
17;Tue;2022-12-27;17:30;Chelsea;1.8;2-0;0.5;Bournemouth;40046;Stamford Bridge;Simon Hooper;Match Report;;https://fbref.com/en/matches/d55b9033/Chelsea-Bournemouth-December-27-2022-Premier-League
17;Tue;2022-12-27;20:00;Manchester Utd;2.4;3-0;0.7;Nott'ham Forest;73608;Old Trafford;Anthony Taylor;Match Report;;https://fbref.com/en/matches/b860f634/Manchester-United-Nottingham-Forest-December-27-2022-Premier-League
17;Wed;2022-12-28;20:00;Leeds United;0.6;1-3;4.3;Manchester City;36889;Elland Road;Stuart Attwell;Match Report;;https://fbref.com/en/matches/a85ef749/Leeds-United-Manchester-City-December-28-2022-Premier-League
18;Fri;2022-12-30;19:45;West Ham;1.3;0-2;1.6;Brentford;62467;London Stadium;Darren England;Match Report;;https://fbref.com/en/matches/56acbbbe/West-Ham-United-Brentford-December-30-2022-Premier-League
18;Fri;2022-12-30;20:00;Liverpool;2.2;2-1;1.0;Leicester City;53343;Anfield;Craig Pawson;Match Report;;https://fbref.com/en/matches/c5e4ccf5/Liverpool-Leicester-City-December-30-2022-Premier-League
18;Sat;2022-12-31;12:30;Wolves;0.7;0-1;2.0;Manchester Utd;31658;Molineux Stadium;Robert Jones;Match Report;;https://fbref.com/en/matches/8ef80305/Wolverhampton-Wanderers-Manchester-United-December-31-2022-Premier-League
18;Sat;2022-12-31;15:00;Newcastle Utd;2.2;0-0;0.4;Leeds United;52211;St James' Park;Simon Hooper;Match Report;;https://fbref.com/en/matches/0facecde/Newcastle-United-Leeds-United-December-31-2022-Premier-League
18;Sat;2022-12-31;15:00;Fulham;1.5;2-1;0.8;Southampton;24344;Craven Cottage;Graham Scott;Match Report;;https://fbref.com/en/matches/a15bf99e/Fulham-Southampton-December-31-2022-Premier-League
18;Sat;2022-12-31;15:00;Manchester City;1.7;1-1;0.1;Everton;53444;Etihad Stadium;Andy Madley;Match Report;;https://fbref.com/en/matches/bcfb66ff/Manchester-City-Everton-December-31-2022-Premier-League
18;Sat;2022-12-31;15:00;Bournemouth;0.6;0-2;1.6;Crystal Palace;9972;Vitality Stadium;Andre Marriner;Match Report;;https://fbref.com/en/matches/dab2ed3a/Bournemouth-Crystal-Palace-December-31-2022-Premier-League
18;Sat;2022-12-31;17:30;Brighton;1.2;2-4;2.9;Arsenal;31647;The American Express Community Stadium;Anthony Taylor;Match Report;;https://fbref.com/en/matches/dd50a429/Brighton-and-Hove-Albion-Arsenal-December-31-2022-Premier-League
18;Sun;2023-01-01;14:00;Tottenham;0.7;0-2;1.0;Aston Villa;61651;Tottenham Hotspur Stadium;John Brooks;Match Report;;https://fbref.com/en/matches/63e8eaf8/Tottenham-Hotspur-Aston-Villa-January-1-2023-Premier-League
18;Sun;2023-01-01;16:30;Nott'ham Forest;1.4;1-1;0.9;Chelsea;29229;The City Ground;Peter Bankes;Match Report;;https://fbref.com/en/matches/c31cf944/Nottingham-Forest-Chelsea-January-1-2023-Premier-League
19;Mon;2023-01-02;17:30;Brentford;1.7;3-1;2.0;Liverpool;17163;Brentford Community Stadium;Stuart Attwell;Match Report;;https://fbref.com/en/matches/af6aa183/Brentford-Liverpool-January-2-2023-Premier-League
19;Tue;2023-01-03;19:45;Leicester City;1.7;0-1;1.7;Fulham;30813;King Power Stadium;Darren Bond;Match Report;;https://fbref.com/en/matches/12e0894b/Leicester-City-Fulham-January-3-2023-Premier-League
19;Tue;2023-01-03;19:45;Everton;1.3;1-4;2.2;Brighton;39103;Goodison Park;Andre Marriner;Match Report;;https://fbref.com/en/matches/c62d7632/Everton-Brighton-and-Hove-Albion-January-3-2023-Premier-League
19;Tue;2023-01-03;19:45;Arsenal;1.1;0-0;1.0;Newcastle Utd;60319;Emirates Stadium;Andy Madley;Match Report;;https://fbref.com/en/matches/ceebd643/Arsenal-Newcastle-United-January-3-2023-Premier-League
19;Tue;2023-01-03;20:00;Manchester Utd;2.2;3-0;0.6;Bournemouth;73322;Old Trafford;Michael Salisbury;Match Report;;https://fbref.com/en/matches/63fc7f12/Manchester-United-Bournemouth-January-3-2023-Premier-League
19;Wed;2023-01-04;19:30;Southampton;0.5;0-1;1.4;Nott'ham Forest;30150;St. Mary's Stadium;Thomas Bramall;Match Report;;https://fbref.com/en/matches/cc17c735/Southampton-Nottingham-Forest-January-4-2023-Premier-League
19;Wed;2023-01-04;19:45;Leeds United;1.6;2-2;1.4;West Ham;36173;Elland Road;David Coote;Match Report;;https://fbref.com/en/matches/068406dc/Leeds-United-West-Ham-United-January-4-2023-Premier-League
19;Wed;2023-01-04;20:00;Aston Villa;1.8;1-1;0.9;Wolves;39978;Villa Park;Jarred Gillett;Match Report;;https://fbref.com/en/matches/895a1c1f/Aston-Villa-Wolverhampton-Wanderers-January-4-2023-Premier-League
19;Wed;2023-01-04;20:00;Crystal Palace;0.8;0-4;1.4;Tottenham;25132;Selhurst Park;Michael Oliver;Match Report;;https://fbref.com/en/matches/d8118454/Crystal-Palace-Tottenham-Hotspur-January-4-2023-Premier-League
19;Thu;2023-01-05;20:00;Chelsea;0.4;0-1;2.1;Manchester City;39998;Stamford Bridge;Paul Tierney;Match Report;;https://fbref.com/en/matches/eacda90c/Chelsea-Manchester-City-January-5-2023-Premier-League
7;Thu;2023-01-12;20:00;Fulham;1.0;2-1;2.1;Chelsea;24460;Craven Cottage;David Coote;Match Report;;https://fbref.com/en/matches/2902a42d/Fulham-Chelsea-January-12-2023-Premier-League
20;Fri;2023-01-13;20:00;Aston Villa;1.2;2-1;2.4;Leeds United;42008;Villa Park;Michael Oliver;Match Report;;https://fbref.com/en/matches/ea58bf24/Aston-Villa-Leeds-United-January-13-2023-Premier-League
20;Sat;2023-01-14;12:30;Manchester Utd;1.7;2-1;0.6;Manchester City;75546;Old Trafford;Stuart Attwell;Match Report;;https://fbref.com/en/matches/f0fd7541/Manchester-Derby-Manchester-United-Manchester-City-January-14-2023-Premier-League
20;Sat;2023-01-14;15:00;Everton;1.4;1-2;1.2;Southampton;39305;Goodison Park;John Brooks;Match Report;;https://fbref.com/en/matches/11603f7f/Everton-Southampton-January-14-2023-Premier-League
20;Sat;2023-01-14;15:00;Wolves;0.9;1-0;1.1;West Ham;31511;Molineux Stadium;Simon Hooper;Match Report;;https://fbref.com/en/matches/20fbd1a1/Wolverhampton-Wanderers-West-Ham-United-January-14-2023-Premier-League
20;Sat;2023-01-14;15:00;Nott'ham Forest;2.4;2-0;1.0;Leicester City;29301;The City Ground;Paul Tierney;Match Report;;https://fbref.com/en/matches/95d3b457/Nottingham-Forest-Leicester-City-January-14-2023-Premier-League
20;Sat;2023-01-14;15:00;Brighton;1.9;3-0;1.0;Liverpool;31645;The American Express Community Stadium;Darren England;Match Report;;https://fbref.com/en/matches/cfc2a193/Brighton-and-Hove-Albion-Liverpool-January-14-2023-Premier-League
20;Sat;2023-01-14;17:30;Brentford;1.4;2-0;0.6;Bournemouth;17031;Brentford Community Stadium;Jarred Gillett;Match Report;;https://fbref.com/en/matches/3f992264/Brentford-Bournemouth-January-14-2023-Premier-League
20;Sun;2023-01-15;14:00;Chelsea;1.5;1-0;0.7;Crystal Palace;40075;Stamford Bridge;Peter Bankes;Match Report;;https://fbref.com/en/matches/564d2893/Chelsea-Crystal-Palace-January-15-2023-Premier-League
20;Sun;2023-01-15;14:00;Newcastle Utd;2.2;1-0;1.1;Fulham;52247;St James' Park;Robert Jones;Match Report;;https://fbref.com/en/matches/f93d11e7/Newcastle-United-Fulham-January-15-2023-Premier-League
20;Sun;2023-01-15;16:30;Tottenham;1.6;0-2;1.8;Arsenal;61870;Tottenham Hotspur Stadium;Craig Pawson;Match Report;;https://fbref.com/en/matches/4fc8b7b2/North-London-Derby-Tottenham-Hotspur-Arsenal-January-15-2023-Premier-League
7;Wed;2023-01-18;20:00;Crystal Palace;0.5;1-1;2.1;Manchester Utd;23343;Selhurst Park;Robert Jones;Match Report;;https://fbref.com/en/matches/adf46096/Crystal-Palace-Manchester-United-January-18-2023-Premier-League
7;Thu;2023-01-19;20:00;Manchester City;2.3;4-2;0.8;Tottenham;53088;Etihad Stadium;Simon Hooper;Match Report;;https://fbref.com/en/matches/847f0a9c/Manchester-City-Tottenham-Hotspur-January-19-2023-Premier-League
21;Sat;2023-01-21;12:30;Liverpool;1.4;0-0;1.6;Chelsea;53126;Anfield;Michael Oliver;Match Report;;https://fbref.com/en/matches/7febc290/Liverpool-Chelsea-January-21-2023-Premier-League
21;Sat;2023-01-21;15:00;Bournemouth;1.4;1-1;1.9;Nott'ham Forest;10248;Vitality Stadium;Andy Madley;Match Report;;https://fbref.com/en/matches/38c715b4/Bournemouth-Nottingham-Forest-January-21-2023-Premier-League
21;Sat;2023-01-21;15:00;Southampton;0.6;0-1;1.4;Aston Villa;30158;St. Mary's Stadium;Michael Salisbury;Match Report;;https://fbref.com/en/matches/91d49468/Southampton-Aston-Villa-January-21-2023-Premier-League
21;Sat;2023-01-21;15:00;Leicester City;0.9;2-2;1.7;Brighton;32056;King Power Stadium;Thomas Bramall;Match Report;;https://fbref.com/en/matches/bcbbc55f/Leicester-City-Brighton-and-Hove-Albion-January-21-2023-Premier-League
21;Sat;2023-01-21;15:00;West Ham;2.2;2-0;0.5;Everton;62470;London Stadium;Stuart Attwell;Match Report;;https://fbref.com/en/matches/db9cdba8/West-Ham-United-Everton-January-21-2023-Premier-League
21;Sat;2023-01-21;17:30;Crystal Palace;0.3;0-0;1.2;Newcastle Utd;25350;Selhurst Park;Craig Pawson;Match Report;;https://fbref.com/en/matches/8468f673/Crystal-Palace-Newcastle-United-January-21-2023-Premier-League
21;Sun;2023-01-22;14:00;Manchester City;2.8;3-0;0.8;Wolves;53282;Etihad Stadium;David Coote;Match Report;;https://fbref.com/en/matches/7337f90a/Manchester-City-Wolverhampton-Wanderers-January-22-2023-Premier-League
21;Sun;2023-01-22;14:00;Leeds United;0.5;0-0;0.4;Brentford;36260;Elland Road;Peter Bankes;Match Report;;https://fbref.com/en/matches/f0e7d8a8/Leeds-United-Brentford-January-22-2023-Premier-League
21;Sun;2023-01-22;16:30;Arsenal;3.1;3-2;0.4;Manchester Utd;60325;Emirates Stadium;Anthony Taylor;Match Report;;https://fbref.com/en/matches/1b35bc71/Arsenal-Manchester-United-January-22-2023-Premier-League
21;Mon;2023-01-23;20:00;Fulham;1.0;0-1;0.9;Tottenham;24190;Craven Cottage;Paul Tierney;Match Report;;https://fbref.com/en/matches/098cd338/Fulham-Tottenham-Hotspur-January-23-2023-Premier-League
22;Fri;2023-02-03;20:00;Chelsea;1.3;0-0;0.6;Fulham;40041;Stamford Bridge;Stuart Attwell;Match Report;;https://fbref.com/en/matches/c3cf244b/Chelsea-Fulham-February-3-2023-Premier-League
22;Sat;2023-02-04;12:30;Everton;1.7;1-0;0.9;Arsenal;39314;Goodison Park;David Coote;Match Report;;https://fbref.com/en/matches/07fc721a/Everton-Arsenal-February-4-2023-Premier-League
22;Sat;2023-02-04;15:00;Aston Villa;1.7;2-4;2.6;Leicester City;42055;Villa Park;Darren England;Match Report;;https://fbref.com/en/matches/76a2a22c/Aston-Villa-Leicester-City-February-4-2023-Premier-League
22;Sat;2023-02-04;15:00;Wolves;2.0;3-0;1.8;Liverpool;31664;Molineux Stadium;Paul Tierney;Match Report;;https://fbref.com/en/matches/d67a16c8/Wolverhampton-Wanderers-Liverpool-February-4-2023-Premier-League
22;Sat;2023-02-04;15:00;Manchester Utd;2.0;2-1;1.3;Crystal Palace;73420;Old Trafford;Andre Marriner;Match Report;;https://fbref.com/en/matches/dca5ea6c/Manchester-United-Crystal-Palace-February-4-2023-Premier-League
22;Sat;2023-02-04;15:00;Brighton;2.2;1-0;1.1;Bournemouth;31600;The American Express Community Stadium;Craig Pawson;Match Report;;https://fbref.com/en/matches/dccc53ae/Brighton-and-Hove-Albion-Bournemouth-February-4-2023-Premier-League
22;Sat;2023-02-04;15:00;Brentford;2.2;3-0;0.7;Southampton;17051;Brentford Community Stadium;Darren Bond;Match Report;;https://fbref.com/en/matches/ef31dad5/Brentford-Southampton-February-4-2023-Premier-League
22;Sat;2023-02-04;17:30;Newcastle Utd;1.0;1-1;1.0;West Ham;52256;St James' Park;Peter Bankes;Match Report;;https://fbref.com/en/matches/34e9160c/Newcastle-United-West-Ham-United-February-4-2023-Premier-League
22;Sun;2023-02-05;14:00;Nott'ham Forest;0.4;1-0;0.9;Leeds United;29363;The City Ground;Robert Jones;Match Report;;https://fbref.com/en/matches/7c47cb5e/Nottingham-Forest-Leeds-United-February-5-2023-Premier-League
22;Sun;2023-02-05;16:30;Tottenham;1.4;1-0;1.3;Manchester City;61747;Tottenham Hotspur Stadium;Andy Madley;Match Report;;https://fbref.com/en/matches/8a923619/Tottenham-Hotspur-Manchester-City-February-5-2023-Premier-League
8;Wed;2023-02-08;20:00;Manchester Utd;2.0;2-2;0.6;Leeds United;73456;Old Trafford;Simon Hooper;Match Report;;https://fbref.com/en/matches/80532a54/Manchester-United-Leeds-United-February-8-2023-Premier-League
23;Sat;2023-02-11;12:30;West Ham;1.3;1-1;1.1;Chelsea;62471;London Stadium;Craig Pawson;Match Report;;https://fbref.com/en/matches/18dea268/West-Ham-United-Chelsea-February-11-2023-Premier-League
23;Sat;2023-02-11;15:00;Leicester City;1.7;4-1;1.3;Tottenham;32184;King Power Stadium;Michael Salisbury;Match Report;;https://fbref.com/en/matches/390c7b85/Leicester-City-Tottenham-Hotspur-February-11-2023-Premier-League
23;Sat;2023-02-11;15:00;Crystal Palace;1.1;1-1;2.5;Brighton;24827;Selhurst Park;Michael Oliver;Match Report;;https://fbref.com/en/matches/5d5deba7/Crystal-Palace-Brighton-and-Hove-Albion-February-11-2023-Premier-League
23;Sat;2023-02-11;15:00;Arsenal;1.6;1-1;2.0;Brentford;60254;Emirates Stadium;Peter Bankes;Match Report;;https://fbref.com/en/matches/7caa56bc/Arsenal-Brentford-February-11-2023-Premier-League
23;Sat;2023-02-11;15:00;Southampton;1.1;1-2;0.8;Wolves;29751;St. Mary's Stadium;Jarred Gillett;Match Report;;https://fbref.com/en/matches/8c7913ed/Southampton-Wolverhampton-Wanderers-February-11-2023-Premier-League
23;Sat;2023-02-11;15:00;Fulham;1.5;2-0;0.7;Nott'ham Forest;24244;Craven Cottage;Andy Madley;Match Report;;https://fbref.com/en/matches/ee86dc99/Fulham-Nottingham-Forest-February-11-2023-Premier-League
23;Sat;2023-02-11;17:30;Bournemouth;1.5;1-1;1.3;Newcastle Utd;10419;Vitality Stadium;Stuart Attwell;Match Report;;https://fbref.com/en/matches/d9339e30/Bournemouth-Newcastle-United-February-11-2023-Premier-League
23;Sun;2023-02-12;14:00;Leeds United;1.8;0-2;1.1;Manchester Utd;36919;Elland Road;Paul Tierney;Match Report;;https://fbref.com/en/matches/3386146f/Leeds-United-Manchester-United-February-12-2023-Premier-League
23;Sun;2023-02-12;16:30;Manchester City;3.3;3-1;0.3;Aston Villa;53392;Etihad Stadium;Robert Jones;Match Report;;https://fbref.com/en/matches/18fcd595/Manchester-City-Aston-Villa-February-12-2023-Premier-League
23;Mon;2023-02-13;20:00;Liverpool;2.3;2-0;0.4;Everton;53027;Anfield;Simon Hooper;Match Report;;https://fbref.com/en/matches/a895ec23/Merseyside-Derby-Liverpool-Everton-February-13-2023-Premier-League
12;Wed;2023-02-15;19:30;Arsenal;1.6;1-3;1.8;Manchester City;60276;Emirates Stadium;Anthony Taylor;Match Report;;https://fbref.com/en/matches/b9da01e6/Arsenal-Manchester-City-February-15-2023-Premier-League
24;Sat;2023-02-18;12:30;Aston Villa;0.5;2-4;3.2;Arsenal;42066;Villa Park;Simon Hooper;Match Report;;https://fbref.com/en/matches/e50bfcf8/Aston-Villa-Arsenal-February-18-2023-Premier-League
24;Sat;2023-02-18;15:00;Brighton;2.2;0-1;0.3;Fulham;31619;The American Express Community Stadium;Darren England;Match Report;;https://fbref.com/en/matches/67a7aee6/Brighton-and-Hove-Albion-Fulham-February-18-2023-Premier-League
24;Sat;2023-02-18;15:00;Nott'ham Forest;0.9;1-1;2.4;Manchester City;29365;The City Ground;Graham Scott;Match Report;;https://fbref.com/en/matches/7f12d9aa/Nottingham-Forest-Manchester-City-February-18-2023-Premier-League
24;Sat;2023-02-18;15:00;Chelsea;1.6;0-1;0.6;Southampton;40152;Stamford Bridge;David Coote;Match Report;;https://fbref.com/en/matches/8d750d5d/Chelsea-Southampton-February-18-2023-Premier-League
24;Sat;2023-02-18;15:00;Everton;1.4;1-0;0.5;Leeds United;39232;Goodison Park;Andy Madley;Match Report;;https://fbref.com/en/matches/d5f67d2e/Everton-Leeds-United-February-18-2023-Premier-League
24;Sat;2023-02-18;15:00;Wolves;1.3;0-1;1.1;Bournemouth;31222;Molineux Stadium;Michael Salisbury;Match Report;;https://fbref.com/en/matches/eaf37ab4/Wolverhampton-Wanderers-Bournemouth-February-18-2023-Premier-League
24;Sat;2023-02-18;15:00;Brentford;0.9;1-1;1.1;Crystal Palace;17122;Brentford Community Stadium;Paul Tierney;Match Report;;https://fbref.com/en/matches/f6370484/Brentford-Crystal-Palace-February-18-2023-Premier-League
24;Sat;2023-02-18;17:30;Newcastle Utd;2.0;0-2;1.9;Liverpool;52758;St James' Park;Anthony Taylor;Match Report;;https://fbref.com/en/matches/2f909763/Newcastle-United-Liverpool-February-18-2023-Premier-League
24;Sun;2023-02-19;14:00;Manchester Utd;4.4;3-0;1.6;Leicester City;73578;Old Trafford;Stuart Attwell;Match Report;;https://fbref.com/en/matches/d6e88163/Manchester-United-Leicester-City-February-19-2023-Premier-League
24;Sun;2023-02-19;16:30;Tottenham;1.5;2-0;0.5;West Ham;61476;Tottenham Hotspur Stadium;Michael Oliver;Match Report;;https://fbref.com/en/matches/aae66d3d/Tottenham-Hotspur-West-Ham-United-February-19-2023-Premier-League
25;Fri;2023-02-24;20:00;Fulham;0.5;1-1;0.8;Wolves;24399;Craven Cottage;Michael Oliver;Match Report;;https://fbref.com/en/matches/b452508e/Fulham-Wolverhampton-Wanderers-February-24-2023-Premier-League
25;Sat;2023-02-25;15:00;Leicester City;0.0;0-1;0.7;Arsenal;32227;King Power Stadium;Craig Pawson;Match Report;;https://fbref.com/en/matches/145cc0a5/Leicester-City-Arsenal-February-25-2023-Premier-League
25;Sat;2023-02-25;15:00;Everton;1.6;0-2;1.9;Aston Villa;39309;Goodison Park;Anthony Taylor;Match Report;;https://fbref.com/en/matches/25436a3b/Everton-Aston-Villa-February-25-2023-Premier-League
25;Sat;2023-02-25;15:00;West Ham;2.7;4-0;0.4;Nott'ham Forest;62469;London Stadium;Jarred Gillett;Match Report;;https://fbref.com/en/matches/767981c6/West-Ham-United-Nottingham-Forest-February-25-2023-Premier-League
25;Sat;2023-02-25;15:00;Leeds United;0.9;1-0;0.4;Southampton;36641;Elland Road;Peter Bankes;Match Report;;https://fbref.com/en/matches/9edb32a3/Leeds-United-Southampton-February-25-2023-Premier-League
25;Sat;2023-02-25;17:30;Bournemouth;1.0;1-4;2.4;Manchester City;10481;Vitality Stadium;Paul Tierney;Match Report;;https://fbref.com/en/matches/e731c1dd/Bournemouth-Manchester-City-February-25-2023-Premier-League
25;Sat;2023-02-25;19:45;Crystal Palace;0.7;0-0;0.9;Liverpool;25842;Selhurst Park;Darren England;Match Report;;https://fbref.com/en/matches/8a59c49c/Crystal-Palace-Liverpool-February-25-2023-Premier-League
25;Sun;2023-02-26;13:30;Tottenham;0.8;2-0;0.4;Chelsea;61613;Tottenham Hotspur Stadium;Stuart Attwell;Match Report;;https://fbref.com/en/matches/8eff71b5/Tottenham-Hotspur-Chelsea-February-26-2023-Premier-League
7;Wed;2023-03-01;19:45;Arsenal;2.6;4-0;1.2;Everton;60213;Emirates Stadium;Michael Oliver;Match Report;;https://fbref.com/en/matches/705a2f3c/Arsenal-Everton-March-1-2023-Premier-League
7;Wed;2023-03-01;20:00;Liverpool;2.6;2-0;0.8;Wolves;53259;Anfield;Paul Tierney;Match Report;;https://fbref.com/en/matches/5e05f5f4/Liverpool-Wolverhampton-Wanderers-March-1-2023-Premier-League
26;Sat;2023-03-04;12:30;Manchester City;1.3;2-0;0.4;Newcastle Utd;53419;Etihad Stadium;Simon Hooper;Match Report;;https://fbref.com/en/matches/b33bcb97/Manchester-City-Newcastle-United-March-4-2023-Premier-League
26;Sat;2023-03-04;15:00;Arsenal;2.1;3-2;1.3;Bournemouth;60222;Emirates Stadium;Chris Kavanagh;Match Report;;https://fbref.com/en/matches/3e9a33fc/Arsenal-Bournemouth-March-4-2023-Premier-League
26;Sat;2023-03-04;15:00;Aston Villa;1.2;1-0;0.2;Crystal Palace;41893;Villa Park;Craig Pawson;Match Report;;https://fbref.com/en/matches/433a4487/Aston-Villa-Crystal-Palace-March-4-2023-Premier-League
26;Sat;2023-03-04;15:00;Chelsea;1.5;1-0;1.0;Leeds United;39905;Stamford Bridge;Michael Oliver;Match Report;;https://fbref.com/en/matches/59f9a78f/Chelsea-Leeds-United-March-4-2023-Premier-League
26;Sat;2023-03-04;15:00;Brighton;3.5;4-0;0.3;West Ham;31523;The American Express Community Stadium;Stuart Attwell;Match Report;;https://fbref.com/en/matches/bee059c4/Brighton-and-Hove-Albion-West-Ham-United-March-4-2023-Premier-League
26;Sat;2023-03-04;15:00;Wolves;0.5;1-0;1.2;Tottenham;31585;Molineux Stadium;Tim Robinson;Match Report;;https://fbref.com/en/matches/bf4ac62d/Wolverhampton-Wanderers-Tottenham-Hotspur-March-4-2023-Premier-League
26;Sat;2023-03-04;17:30;Southampton;1.4;1-0;1.9;Leicester City;30139;St. Mary's Stadium;Robert Jones;Match Report;;https://fbref.com/en/matches/4d14422c/Southampton-Leicester-City-March-4-2023-Premier-League
26;Sun;2023-03-05;14:00;Nott'ham Forest;0.8;2-2;1.7;Everton;29353;The City Ground;John Brooks;Match Report;;https://fbref.com/en/matches/ec770341/Nottingham-Forest-Everton-March-5-2023-Premier-League
26;Sun;2023-03-05;16:30;Liverpool;2.8;7-0;0.8;Manchester Utd;53001;Anfield;Andy Madley;Match Report;;https://fbref.com/en/matches/756e8036/North-West-Derby-Liverpool-Manchester-United-March-5-2023-Premier-League
26;Mon;2023-03-06;20:00;Brentford;2.2;3-2;1.4;Fulham;17025;Brentford Community Stadium;Anthony Taylor;Match Report;;https://fbref.com/en/matches/3dce3a24/Brentford-Fulham-March-6-2023-Premier-League
27;Sat;2023-03-11;12:30;Bournemouth;0.9;1-0;1.7;Liverpool;10536;Vitality Stadium;John Brooks;Match Report;;https://fbref.com/en/matches/d376dff8/Bournemouth-Liverpool-March-11-2023-Premier-League
27;Sat;2023-03-11;15:00;Leeds United;0.9;2-2;2.7;Brighton;36471;Elland Road;Paul Tierney;Match Report;;https://fbref.com/en/matches/3f653d6f/Leeds-United-Brighton-and-Hove-Albion-March-11-2023-Premier-League
27;Sat;2023-03-11;15:00;Everton;1.0;1-0;2.0;Brentford;39274;Goodison Park;Simon Hooper;Match Report;;https://fbref.com/en/matches/980f57d4/Everton-Brentford-March-11-2023-Premier-League
27;Sat;2023-03-11;15:00;Leicester City;2.4;1-3;1.6;Chelsea;32170;King Power Stadium;Andre Marriner;Match Report;;https://fbref.com/en/matches/bd5571a1/Leicester-City-Chelsea-March-11-2023-Premier-League
27;Sat;2023-03-11;15:00;Tottenham;2.0;3-1;1.5;Nott'ham Forest;61460;Tottenham Hotspur Stadium;Craig Pawson;Match Report;;https://fbref.com/en/matches/d065f9cd/Tottenham-Hotspur-Nottingham-Forest-March-11-2023-Premier-League
27;Sat;2023-03-11;17:30;Crystal Palace;0.2;0-1;2.1;Manchester City;25844;Selhurst Park;Robert Jones;Match Report;;https://fbref.com/en/matches/d29fe1d9/Crystal-Palace-Manchester-City-March-11-2023-Premier-League
27;Sun;2023-03-12;14:00;Manchester Utd;0.8;0-0;1.0;Southampton;73439;Old Trafford;Anthony Taylor;Match Report;;https://fbref.com/en/matches/9cd3ca2c/Manchester-United-Southampton-March-12-2023-Premier-League
27;Sun;2023-03-12;14:00;Fulham;0.8;0-3;2.3;Arsenal;24426;Craven Cottage;David Coote;Match Report;;https://fbref.com/en/matches/d238973c/Fulham-Arsenal-March-12-2023-Premier-League
27;Sun;2023-03-12;14:00;West Ham;2.1;1-1;1.5;Aston Villa;62472;London Stadium;Chris Kavanagh;Match Report;;https://fbref.com/en/matches/df6f054e/West-Ham-United-Aston-Villa-March-12-2023-Premier-League
27;Sun;2023-03-12;16:30;Newcastle Utd;1.8;2-1;1.1;Wolves;52240;St James' Park;Andy Madley;Match Report;;https://fbref.com/en/matches/c416a3de/Newcastle-United-Wolverhampton-Wanderers-March-12-2023-Premier-League
7;Wed;2023-03-15;19:30;Southampton;0.5;0-2;1.9;Brentford;30438;St. Mary's Stadium;Michael Salisbury;Match Report;;https://fbref.com/en/matches/a4202b5b/Southampton-Brentford-March-15-2023-Premier-League
8;Wed;2023-03-15;19:30;Brighton;0.6;1-0;1.1;Crystal Palace;30933;The American Express Community Stadium;Peter Bankes;Match Report;;https://fbref.com/en/matches/d23a30cc/Brighton-and-Hove-Albion-Crystal-Palace-March-15-2023-Premier-League
28;Fri;2023-03-17;20:00;Nott'ham Forest;0.4;1-2;2.4;Newcastle Utd;29362;The City Ground;Paul Tierney;Match Report;;https://fbref.com/en/matches/5345049a/Nottingham-Forest-Newcastle-United-March-17-2023-Premier-League
28;Sat;2023-03-18;15:00;Wolves;2.7;2-4;1.6;Leeds United;31570;Molineux Stadium;Michael Salisbury;Match Report;;https://fbref.com/en/matches/3cb714a4/Wolverhampton-Wanderers-Leeds-United-March-18-2023-Premier-League
28;Sat;2023-03-18;15:00;Brentford;0.6;1-1;1.3;Leicester City;17006;Brentford Community Stadium;Darren Bond;Match Report;;https://fbref.com/en/matches/7647948e/Brentford-Leicester-City-March-18-2023-Premier-League
28;Sat;2023-03-18;15:00;Aston Villa;3.5;3-0;1.3;Bournemouth;41021;Villa Park;Robert Jones;Match Report;;https://fbref.com/en/matches/88981274/Aston-Villa-Bournemouth-March-18-2023-Premier-League
28;Sat;2023-03-18;15:00;Southampton;2.4;3-3;2.3;Tottenham;30157;St. Mary's Stadium;Simon Hooper;Match Report;;https://fbref.com/en/matches/bd9ec55d/Southampton-Tottenham-Hotspur-March-18-2023-Premier-League
28;Sat;2023-03-18;17:30;Chelsea;2.3;2-2;1.2;Everton;40025;Stamford Bridge;Darren England;Match Report;;https://fbref.com/en/matches/9453dba7/Chelsea-Everton-March-18-2023-Premier-League
28;Sun;2023-03-19;14:00;Arsenal;1.6;4-1;0.8;Crystal Palace;60247;Emirates Stadium;Stuart Attwell;Match Report;;https://fbref.com/en/matches/98e0de00/Arsenal-Crystal-Palace-March-19-2023-Premier-League
29;Sat;2023-04-01;12:30;Manchester City;2.9;4-1;0.3;Liverpool;52877;Etihad Stadium;Simon Hooper;Match Report;;https://fbref.com/en/matches/40966f45/Manchester-City-Liverpool-April-1-2023-Premier-League
29;Sat;2023-04-01;15:00;Arsenal;3.8;4-1;0.7;Leeds United;60283;Emirates Stadium;Darren England;Match Report;;https://fbref.com/en/matches/2e4383ca/Arsenal-Leeds-United-April-1-2023-Premier-League
29;Sat;2023-04-01;15:00;Nott'ham Forest;1.3;1-1;0.5;Wolves;29368;The City Ground;Chris Kavanagh;Match Report;;https://fbref.com/en/matches/c14b278c/Nottingham-Forest-Wolverhampton-Wanderers-April-1-2023-Premier-League
29;Sat;2023-04-01;15:00;Brighton;4.2;3-3;1.6;Brentford;31493;The American Express Community Stadium;Michael Oliver;Match Report;;https://fbref.com/en/matches/ead2251e/Brighton-and-Hove-Albion-Brentford-April-1-2023-Premier-League
29;Sat;2023-04-01;15:00;Crystal Palace;2.3;2-1;0.2;Leicester City;25147;Selhurst Park;Tim Robinson;Match Report;;https://fbref.com/en/matches/ee1878a0/Crystal-Palace-Leicester-City-April-1-2023-Premier-League
29;Sat;2023-04-01;15:00;Bournemouth;2.6;2-1;0.8;Fulham;10305;Vitality Stadium;Peter Bankes;Match Report;;https://fbref.com/en/matches/f64320c3/Bournemouth-Fulham-April-1-2023-Premier-League
29;Sat;2023-04-01;17:30;Chelsea;2.1;0-2;0.9;Aston Villa;40082;Stamford Bridge;Andy Madley;Match Report;;https://fbref.com/en/matches/870fa8c9/Chelsea-Aston-Villa-April-1-2023-Premier-League
29;Sun;2023-04-02;14:00;West Ham;1.4;1-0;0.3;Southampton;62498;London Stadium;Paul Tierney;Match Report;;https://fbref.com/en/matches/42e1f38d/West-Ham-United-Southampton-April-2-2023-Premier-League
29;Sun;2023-04-02;16:30;Newcastle Utd;3.7;2-0;0.4;Manchester Utd;52268;St James' Park;Stuart Attwell;Match Report;;https://fbref.com/en/matches/1ed948f6/Newcastle-United-Manchester-United-April-2-2023-Premier-League
29;Mon;2023-04-03;20:00;Everton;0.9;1-1;1.4;Tottenham;39294;Goodison Park;David Coote;Match Report;;https://fbref.com/en/matches/c00d9a22/Everton-Tottenham-Hotspur-April-3-2023-Premier-League
7;Tue;2023-04-04;19:45;Leeds United;1.8;2-1;0.8;Nott'ham Forest;36740;Elland Road;Robert Jones;Match Report;;https://fbref.com/en/matches/1251d1c0/Leeds-United-Nottingham-Forest-April-4-2023-Premier-League
7;Tue;2023-04-04;19:45;Bournemouth;1.7;0-2;2.7;Brighton;10266;Vitality Stadium;Darren Bond;Match Report;;https://fbref.com/en/matches/95a97dc6/Bournemouth-Brighton-and-Hove-Albion-April-4-2023-Premier-League
7;Tue;2023-04-04;19:45;Leicester City;0.5;1-2;1.0;Aston Villa;32087;King Power Stadium;Graham Scott;Match Report;;https://fbref.com/en/matches/f213214b/Leicester-City-Aston-Villa-April-4-2023-Premier-League
8;Tue;2023-04-04;20:00;Chelsea;2.2;0-0;0.3;Liverpool;40093;Stamford Bridge;Anthony Taylor;Match Report;;https://fbref.com/en/matches/1028e683/Chelsea-Liverpool-April-4-2023-Premier-League
7;Wed;2023-04-05;20:00;West Ham;1.0;1-5;3.3;Newcastle Utd;62481;London Stadium;Craig Pawson;Match Report;;https://fbref.com/en/matches/4a87012d/West-Ham-United-Newcastle-United-April-5-2023-Premier-League
25;Wed;2023-04-05;20:00;Manchester Utd;1.2;1-0;0.7;Brentford;73309;Old Trafford;John Brooks;Match Report;;https://fbref.com/en/matches/f3e6e475/Manchester-United-Brentford-April-5-2023-Premier-League
30;Sat;2023-04-08;12:30;Manchester Utd;3.4;2-0;1.0;Everton;73509;Old Trafford;Michael Oliver;Match Report;;https://fbref.com/en/matches/e217ed2c/Manchester-United-Everton-April-8-2023-Premier-League
30;Sat;2023-04-08;15:00;Fulham;0.7;0-1;1.1;West Ham;24491;Craven Cottage;Jarred Gillett;Match Report;;https://fbref.com/en/matches/0ba42648/Fulham-West-Ham-United-April-8-2023-Premier-League
30;Sat;2023-04-08;15:00;Aston Villa;1.3;2-0;0.2;Nott'ham Forest;42076;Villa Park;Anthony Taylor;Match Report;;https://fbref.com/en/matches/68cd68fd/Aston-Villa-Nottingham-Forest-April-8-2023-Premier-League
30;Sat;2023-04-08;15:00;Leicester City;0.7;0-1;2.0;Bournemouth;32094;King Power Stadium;David Coote;Match Report;;https://fbref.com/en/matches/72ca7930/Leicester-City-Bournemouth-April-8-2023-Premier-League
30;Sat;2023-04-08;15:00;Brentford;2.6;1-2;1.3;Newcastle Utd;17107;Brentford Community Stadium;Chris Kavanagh;Match Report;;https://fbref.com/en/matches/a5e78e89/Brentford-Newcastle-United-April-8-2023-Premier-League
30;Sat;2023-04-08;15:00;Wolves;0.6;1-0;1.1;Chelsea;31614;Molineux Stadium;Peter Bankes;Match Report;;https://fbref.com/en/matches/aa1fa8dc/Wolverhampton-Wanderers-Chelsea-April-8-2023-Premier-League
30;Sat;2023-04-08;15:00;Tottenham;0.8;2-1;1.4;Brighton;61405;Tottenham Hotspur Stadium;Stuart Attwell;Match Report;;https://fbref.com/en/matches/b3ad7bd4/Tottenham-Hotspur-Brighton-and-Hove-Albion-April-8-2023-Premier-League
30;Sat;2023-04-08;17:30;Southampton;0.4;1-4;2.9;Manchester City;30963;St. Mary's Stadium;Robert Jones;Match Report;;https://fbref.com/en/matches/fb045117/Southampton-Manchester-City-April-8-2023-Premier-League
30;Sun;2023-04-09;14:00;Leeds United;0.9;1-5;3.0;Crystal Palace;36427;Elland Road;Simon Hooper;Match Report;;https://fbref.com/en/matches/a1c39217/Leeds-United-Crystal-Palace-April-9-2023-Premier-League
30;Sun;2023-04-09;16:30;Liverpool;3.9;2-2;1.4;Arsenal;53267;Anfield;Paul Tierney;Match Report;;https://fbref.com/en/matches/f3774baa/Liverpool-Arsenal-April-9-2023-Premier-League
31;Sat;2023-04-15;12:30;Aston Villa;1.9;3-0;0.5;Newcastle Utd;42055;Villa Park;John Brooks;Match Report;;https://fbref.com/en/matches/7bbac622/Aston-Villa-Newcastle-United-April-15-2023-Premier-League
31;Sat;2023-04-15;15:00;Chelsea;0.5;1-2;2.9;Brighton;40126;Stamford Bridge;Robert Jones;Match Report;;https://fbref.com/en/matches/18e7d354/Chelsea-Brighton-and-Hove-Albion-April-15-2023-Premier-League
31;Sat;2023-04-15;15:00;Southampton;0.8;0-2;0.9;Crystal Palace;30309;St. Mary's Stadium;Michael Oliver;Match Report;;https://fbref.com/en/matches/67f47a1b/Southampton-Crystal-Palace-April-15-2023-Premier-League
31;Sat;2023-04-15;15:00;Wolves;0.8;2-0;1.1;Brentford;30769;Molineux Stadium;Paul Tierney;Match Report;;https://fbref.com/en/matches/b2402736/Wolverhampton-Wanderers-Brentford-April-15-2023-Premier-League
31;Sat;2023-04-15;15:00;Tottenham;2.2;2-3;1.3;Bournemouth;61369;Tottenham Hotspur Stadium;Andy Madley;Match Report;;https://fbref.com/en/matches/bfc49d95/Tottenham-Hotspur-Bournemouth-April-15-2023-Premier-League
31;Sat;2023-04-15;15:00;Everton;1.4;1-3;1.8;Fulham;39241;Goodison Park;Anthony Taylor;Match Report;;https://fbref.com/en/matches/ecae749b/Everton-Fulham-April-15-2023-Premier-League
31;Sat;2023-04-15;17:30;Manchester City;1.6;3-1;2.3;Leicester City;53329;Etihad Stadium;Darren England;Match Report;;https://fbref.com/en/matches/ce8df388/Manchester-City-Leicester-City-April-15-2023-Premier-League
31;Sun;2023-04-16;14:00;West Ham;1.8;2-2;2.7;Arsenal;62481;London Stadium;David Coote;Match Report;;https://fbref.com/en/matches/3120ba0d/West-Ham-United-Arsenal-April-16-2023-Premier-League
31;Sun;2023-04-16;16:30;Nott'ham Forest;0.7;0-2;3.5;Manchester Utd;29435;The City Ground;Simon Hooper;Match Report;;https://fbref.com/en/matches/4ca8f9f6/Nottingham-Forest-Manchester-United-April-16-2023-Premier-League
31;Mon;2023-04-17;20:00;Leeds United;1.4;1-6;2.7;Liverpool;36657;Elland Road;Craig Pawson;Match Report;;https://fbref.com/en/matches/fd3d05f5/Leeds-United-Liverpool-April-17-2023-Premier-League
32;Fri;2023-04-21;20:00;Arsenal;2.5;3-3;1.3;Southampton;60175;Emirates Stadium;Simon Hooper;Match Report;;https://fbref.com/en/matches/12efc7dd/Arsenal-Southampton-April-21-2023-Premier-League
32;Sat;2023-04-22;12:30;Fulham;1.7;2-1;0.8;Leeds United;24356;Craven Cottage;Peter Bankes;Match Report;;https://fbref.com/en/matches/f2d8700d/Fulham-Leeds-United-April-22-2023-Premier-League
32;Sat;2023-04-22;15:00;Crystal Palace;0.5;0-0;0.4;Everton;25202;Selhurst Park;John Brooks;Match Report;;https://fbref.com/en/matches/25f6dcd1/Crystal-Palace-Everton-April-22-2023-Premier-League
32;Sat;2023-04-22;15:00;Brentford;2.7;1-1;1.5;Aston Villa;17098;Brentford Community Stadium;Michael Salisbury;Match Report;;https://fbref.com/en/matches/2b51686a/Brentford-Aston-Villa-April-22-2023-Premier-League
32;Sat;2023-04-22;15:00;Liverpool;2.8;3-2;0.9;Nott'ham Forest;53254;Anfield;Michael Oliver;Match Report;;https://fbref.com/en/matches/99bfc321/Liverpool-Nottingham-Forest-April-22-2023-Premier-League
32;Sat;2023-04-22;15:00;Leicester City;2.4;2-1;0.9;Wolves;32053;King Power Stadium;Andy Madley;Match Report;;https://fbref.com/en/matches/b87e66b4/Leicester-City-Wolverhampton-Wanderers-April-22-2023-Premier-League
32;Sun;2023-04-23;14:00;Bournemouth;1.5;0-4;2.4;West Ham;10465;Vitality Stadium;Anthony Taylor;Match Report;;https://fbref.com/en/matches/3306d30f/Bournemouth-West-Ham-United-April-23-2023-Premier-League
32;Sun;2023-04-23;14:00;Newcastle Utd;3.7;6-1;1.0;Tottenham;52252;St James' Park;David Coote;Match Report;;https://fbref.com/en/matches/dff22d13/Newcastle-United-Tottenham-Hotspur-April-23-2023-Premier-League
33;Tue;2023-04-25;19:30;Wolves;1.4;2-0;0.8;Crystal Palace;30294;Molineux Stadium;Robert Jones;Match Report;;https://fbref.com/en/matches/825c78f1/Wolverhampton-Wanderers-Crystal-Palace-April-25-2023-Premier-League
33;Tue;2023-04-25;19:45;Aston Villa;1.0;1-0;0.1;Fulham;41046;Villa Park;Thomas Bramall;Match Report;;https://fbref.com/en/matches/8b295a84/Aston-Villa-Fulham-April-25-2023-Premier-League
33;Tue;2023-04-25;20:00;Leeds United;1.5;1-1;2.1;Leicester City;36666;Elland Road;Paul Tierney;Match Report;;https://fbref.com/en/matches/56c70cf7/Leeds-United-Leicester-City-April-25-2023-Premier-League
33;Wed;2023-04-26;19:30;Nott'ham Forest;2.4;3-1;2.3;Brighton;28808;The City Ground;Jarred Gillett;Match Report;;https://fbref.com/en/matches/76db2de1/Nottingham-Forest-Brighton-and-Hove-Albion-April-26-2023-Premier-League
33;Wed;2023-04-26;19:45;Chelsea;1.3;0-2;1.1;Brentford;39929;Stamford Bridge;Andy Madley;Match Report;;https://fbref.com/en/matches/071b5820/Chelsea-Brentford-April-26-2023-Premier-League
33;Wed;2023-04-26;19:45;West Ham;0.8;1-2;1.9;Liverpool;62473;London Stadium;Chris Kavanagh;Match Report;;https://fbref.com/en/matches/f2f795ae/West-Ham-United-Liverpool-April-26-2023-Premier-League
33;Wed;2023-04-26;20:00;Manchester City;2.5;4-1;0.5;Arsenal;53482;Etihad Stadium;Michael Oliver;Match Report;;https://fbref.com/en/matches/00a73645/Manchester-City-Arsenal-April-26-2023-Premier-League
33;Thu;2023-04-27;19:45;Everton;0.9;1-4;2.4;Newcastle Utd;39248;Goodison Park;Andre Marriner;Match Report;;https://fbref.com/en/matches/37a741a7/Everton-Newcastle-United-April-27-2023-Premier-League
33;Thu;2023-04-27;19:45;Southampton;0.5;0-1;0.9;Bournemouth;30414;St. Mary's Stadium;Darren England;Match Report;;https://fbref.com/en/matches/ccabe10f/Southampton-Bournemouth-April-27-2023-Premier-League
33;Thu;2023-04-27;20:15;Tottenham;2.5;2-2;2.0;Manchester Utd;61586;Tottenham Hotspur Stadium;Anthony Taylor;Match Report;;https://fbref.com/en/matches/8c9a5c5c/Tottenham-Hotspur-Manchester-United-April-27-2023-Premier-League
34;Sat;2023-04-29;12:30;Crystal Palace;2.1;4-3;1.7;West Ham;;Selhurst Park;Craig Pawson;Match Report;;https://fbref.com/en/matches/4ec72d3b/Crystal-Palace-West-Ham-United-April-29-2023-Premier-League
34;Sat;2023-04-29;15:00;Brighton;3.3;6-0;0.8;Wolves;31584;The American Express Community Stadium;David Coote;Match Report;;https://fbref.com/en/matches/21f920e0/Brighton-and-Hove-Albion-Wolverhampton-Wanderers-April-29-2023-Premier-League
34;Sat;2023-04-29;15:00;Brentford;1.6;2-1;0.7;Nott'ham Forest;17080;Brentford Community Stadium;Peter Bankes;Match Report;;https://fbref.com/en/matches/3aeacbaa/Brentford-Nottingham-Forest-April-29-2023-Premier-League
34;Sun;2023-04-30;14:00;Manchester Utd;1.2;1-0;0.6;Aston Villa;73592;Old Trafford;Jarred Gillett;Match Report;;https://fbref.com/en/matches/08607696/Manchester-United-Aston-Villa-April-30-2023-Premier-League
34;Sun;2023-04-30;14:00;Bournemouth;1.9;4-1;1.6;Leeds United;10434;Vitality Stadium;Chris Kavanagh;Match Report;;https://fbref.com/en/matches/0b0733ce/Bournemouth-Leeds-United-April-30-2023-Premier-League
34;Sun;2023-04-30;14:00;Newcastle Utd;4.3;3-1;0.8;Southampton;52234;St James' Park;Anthony Taylor;Match Report;;https://fbref.com/en/matches/b16063b6/Newcastle-United-Southampton-April-30-2023-Premier-League
34;Sun;2023-04-30;14:00;Fulham;0.2;1-2;2.5;Manchester City;;Craven Cottage;Simon Hooper;Match Report;;https://fbref.com/en/matches/d4d0cb2a/Fulham-Manchester-City-April-30-2023-Premier-League
34;Sun;2023-04-30;16:30;Liverpool;2.2;4-3;2.0;Tottenham;;Anfield;Paul Tierney;Match Report;;https://fbref.com/en/matches/e07267b3/Liverpool-Tottenham-Hotspur-April-30-2023-Premier-League
34;Mon;2023-05-01;20:00;Leicester City;3.4;2-2;3.3;Everton;32173;King Power Stadium;Michael Oliver;Match Report;;https://fbref.com/en/matches/95d2cc61/Leicester-City-Everton-May-1-2023-Premier-League
34;Tue;2023-05-02;20:00;Arsenal;;;;Chelsea;;Emirates Stadium;;Head-to-Head;;https://fbref.com/en/stathead/matchup/teams/cff3d9bb/18bb7c10/North-West-London-Derby-Chelsea-vs-Arsenal-History
28;Wed;2023-05-03;20:00;Liverpool;;;;Fulham;;Anfield;;Head-to-Head;;https://fbref.com/en/stathead/matchup/teams/fd962109/822bd0ba/Fulham-vs-Liverpool-History
28;Wed;2023-05-03;20:00;Manchester City;;;;West Ham;;Etihad Stadium;;Head-to-Head;;https://fbref.com/en/stathead/matchup/teams/b8fd03ef/7c21e445/Manchester-City-vs-West-Ham-United-History
28;Thu;2023-05-04;20:00;Brighton;;;;Manchester Utd;;The American Express Community Stadium;;Head-to-Head;;https://fbref.com/en/stathead/matchup/teams/d07537b9/19538871/Brighton-and-Hove-Albion-vs-Manchester-United-History
35;Sat;2023-05-06;15:00;Tottenham;;;;Crystal Palace;;Tottenham Hotspur Stadium;;Head-to-Head;;https://fbref.com/en/stathead/matchup/teams/47c64c55/361ca564/Crystal-Palace-vs-Tottenham-Hotspur-History
35;Sat;2023-05-06;15:00;Wolves;;;;Aston Villa;;Molineux Stadium;;Head-to-Head;;https://fbref.com/en/stathead/matchup/teams/8cec06e1/8602292d/Wolverhampton-Wanderers-vs-Aston-Villa-History
35;Sat;2023-05-06;15:00;Bournemouth;;;;Chelsea;;Vitality Stadium;;Head-to-Head;;https://fbref.com/en/stathead/matchup/teams/cff3d9bb/4ba7cbea/Chelsea-vs-Bournemouth-History
35;Sat;2023-05-06;15:00;Manchester City;;;;Leeds United;;Etihad Stadium;;Head-to-Head;;https://fbref.com/en/stathead/matchup/teams/b8fd03ef/5bfb9659/Manchester-City-vs-Leeds-United-History
35;Sat;2023-05-06;17:30;Liverpool;;;;Brentford;;Anfield;;Head-to-Head;;https://fbref.com/en/stathead/matchup/teams/cd051869/822bd0ba/Brentford-vs-Liverpool-History
35;Sun;2023-05-07;16:30;Newcastle Utd;;;;Arsenal;;St James' Park;;Head-to-Head;;https://fbref.com/en/stathead/matchup/teams/b2b47a98/18bb7c10/Newcastle-United-vs-Arsenal-History
35;Sun;2023-05-07;19:00;West Ham;;;;Manchester Utd;;London Stadium;;Head-to-Head;;https://fbref.com/en/stathead/matchup/teams/7c21e445/19538871/West-Ham-United-vs-Manchester-United-History
35;Mon;2023-05-08;15:00;Fulham;;;;Leicester City;;Craven Cottage;;Head-to-Head;;https://fbref.com/en/stathead/matchup/teams/fd962109/a2d435b3/Fulham-vs-Leicester-City-History
35;Mon;2023-05-08;17:30;Brighton;;;;Everton;;The American Express Community Stadium;;Head-to-Head;;https://fbref.com/en/stathead/matchup/teams/d3fd31cc/d07537b9/Everton-vs-Brighton-and-Hove-Albion-History
35;Mon;2023-05-08;20:00;Nott'ham Forest;;;;Southampton;;The City Ground;;Head-to-Head;;https://fbref.com/en/stathead/matchup/teams/e4a775cb/33c895d4/Nottingham-Forest-vs-Southampton-History
36;Sat;2023-05-13;12:30;Leeds United;;;;Newcastle Utd;;Elland Road;;Head-to-Head;;https://fbref.com/en/stathead/matchup/teams/b2b47a98/5bfb9659/Newcastle-United-vs-Leeds-United-History
36;Sat;2023-05-13;15:00;Aston Villa;;;;Tottenham;;Villa Park;;Head-to-Head;;https://fbref.com/en/stathead/matchup/teams/8602292d/361ca564/Aston-Villa-vs-Tottenham-Hotspur-History
36;Sat;2023-05-13;15:00;Chelsea;;;;Nott'ham Forest;;Stamford Bridge;;Head-to-Head;;https://fbref.com/en/stathead/matchup/teams/e4a775cb/cff3d9bb/Nottingham-Forest-vs-Chelsea-History
36;Sat;2023-05-13;15:00;Crystal Palace;;;;Bournemouth;;Selhurst Park;;Head-to-Head;;https://fbref.com/en/stathead/matchup/teams/4ba7cbea/47c64c55/Bournemouth-vs-Crystal-Palace-History
36;Sat;2023-05-13;15:00;Southampton;;;;Fulham;;St. Mary's Stadium;;Head-to-Head;;https://fbref.com/en/stathead/matchup/teams/fd962109/33c895d4/Fulham-vs-Southampton-History
36;Sat;2023-05-13;15:00;Manchester Utd;;;;Wolves;;Old Trafford;;Head-to-Head;;https://fbref.com/en/stathead/matchup/teams/8cec06e1/19538871/Wolverhampton-Wanderers-vs-Manchester-United-History
36;Sun;2023-05-14;14:00;Everton;;;;Manchester City;;Goodison Park;;Head-to-Head;;https://fbref.com/en/stathead/matchup/teams/d3fd31cc/b8fd03ef/Everton-vs-Manchester-City-History
36;Sun;2023-05-14;14:00;Brentford;;;;West Ham;;Brentford Community Stadium;;Head-to-Head;;https://fbref.com/en/stathead/matchup/teams/cd051869/7c21e445/Brentford-vs-West-Ham-United-History
36;Sun;2023-05-14;16:30;Arsenal;;;;Brighton;;Emirates Stadium;;Head-to-Head;;https://fbref.com/en/stathead/matchup/teams/d07537b9/18bb7c10/Brighton-and-Hove-Albion-vs-Arsenal-History
36;Mon;2023-05-15;20:00;Leicester City;;;;Liverpool;;King Power Stadium;;Head-to-Head;;https://fbref.com/en/stathead/matchup/teams/a2d435b3/822bd0ba/Leicester-City-vs-Liverpool-History
25;Thu;2023-05-18;19:30;Newcastle Utd;;;;Brighton;;St James' Park;;Head-to-Head;;https://fbref.com/en/stathead/matchup/teams/d07537b9/b2b47a98/Brighton-and-Hove-Albion-vs-Newcastle-United-History
37;Sat;2023-05-20;12:30;Tottenham;;;;Brentford;;Tottenham Hotspur Stadium;;Head-to-Head;;https://fbref.com/en/stathead/matchup/teams/cd051869/361ca564/Brentford-vs-Tottenham-Hotspur-History
37;Sat;2023-05-20;15:00;Liverpool;;;;Aston Villa;;Anfield;;Head-to-Head;;https://fbref.com/en/stathead/matchup/teams/8602292d/822bd0ba/Aston-Villa-vs-Liverpool-History
37;Sat;2023-05-20;15:00;Fulham;;;;Crystal Palace;;Craven Cottage;;Head-to-Head;;https://fbref.com/en/stathead/matchup/teams/fd962109/47c64c55/Fulham-vs-Crystal-Palace-History
37;Sat;2023-05-20;15:00;Bournemouth;;;;Manchester Utd;;Vitality Stadium;;Head-to-Head;;https://fbref.com/en/stathead/matchup/teams/4ba7cbea/19538871/Bournemouth-vs-Manchester-United-History
37;Sat;2023-05-20;15:00;Wolves;;;;Everton;;Molineux Stadium;;Head-to-Head;;https://fbref.com/en/stathead/matchup/teams/d3fd31cc/8cec06e1/Everton-vs-Wolverhampton-Wanderers-History
37;Sat;2023-05-20;17:30;Nott'ham Forest;;;;Arsenal;;The City Ground;;Head-to-Head;;https://fbref.com/en/stathead/matchup/teams/e4a775cb/18bb7c10/Nottingham-Forest-vs-Arsenal-History
37;Sun;2023-05-21;13:30;West Ham;;;;Leeds United;;London Stadium;;Head-to-Head;;https://fbref.com/en/stathead/matchup/teams/7c21e445/5bfb9659/West-Ham-United-vs-Leeds-United-History
37;Sun;2023-05-21;14:00;Brighton;;;;Southampton;;The American Express Community Stadium;;Head-to-Head;;https://fbref.com/en/stathead/matchup/teams/d07537b9/33c895d4/Brighton-and-Hove-Albion-vs-Southampton-History
37;Sun;2023-05-21;16:00;Manchester City;;;;Chelsea;;Etihad Stadium;;Head-to-Head;;https://fbref.com/en/stathead/matchup/teams/cff3d9bb/b8fd03ef/Chelsea-vs-Manchester-City-History
37;Mon;2023-05-22;20:00;Newcastle Utd;;;;Leicester City;;St James' Park;;Head-to-Head;;https://fbref.com/en/stathead/matchup/teams/b2b47a98/a2d435b3/Newcastle-United-vs-Leicester-City-History
32;Wed;2023-05-24;20:00;Brighton;;;;Manchester City;;The American Express Community Stadium;;Head-to-Head;;https://fbref.com/en/stathead/matchup/teams/d07537b9/b8fd03ef/Brighton-and-Hove-Albion-vs-Manchester-City-History
32;Thu;2023-05-25;20:00;Manchester Utd;;;;Chelsea;;Old Trafford;;Head-to-Head;;https://fbref.com/en/stathead/matchup/teams/cff3d9bb/19538871/Chelsea-vs-Manchester-United-History
38;Sun;2023-05-28;16:30;Crystal Palace;;;;Nott'ham Forest;;Selhurst Park;;Head-to-Head;;https://fbref.com/en/stathead/matchup/teams/e4a775cb/47c64c55/Nottingham-Forest-vs-Crystal-Palace-History
38;Sun;2023-05-28;16:30;Chelsea;;;;Newcastle Utd;;Stamford Bridge;;Head-to-Head;;https://fbref.com/en/stathead/matchup/teams/cff3d9bb/b2b47a98/Chelsea-vs-Newcastle-United-History
38;Sun;2023-05-28;16:30;Manchester Utd;;;;Fulham;;Old Trafford;;Head-to-Head;;https://fbref.com/en/stathead/matchup/teams/fd962109/19538871/Fulham-vs-Manchester-United-History
38;Sun;2023-05-28;16:30;Arsenal;;;;Wolves;;Emirates Stadium;;Head-to-Head;;https://fbref.com/en/stathead/matchup/teams/8cec06e1/18bb7c10/Wolverhampton-Wanderers-vs-Arsenal-History
38;Sun;2023-05-28;16:30;Southampton;;;;Liverpool;;St. Mary's Stadium;;Head-to-Head;;https://fbref.com/en/stathead/matchup/teams/822bd0ba/33c895d4/Liverpool-vs-Southampton-History
38;Sun;2023-05-28;16:30;Everton;;;;Bournemouth;;Goodison Park;;Head-to-Head;;https://fbref.com/en/stathead/matchup/teams/d3fd31cc/4ba7cbea/Everton-vs-Bournemouth-History
38;Sun;2023-05-28;16:30;Leicester City;;;;West Ham;;King Power Stadium;;Head-to-Head;;https://fbref.com/en/stathead/matchup/teams/a2d435b3/7c21e445/Leicester-City-vs-West-Ham-United-History
38;Sun;2023-05-28;16:30;Aston Villa;;;;Brighton;;Villa Park;;Head-to-Head;;https://fbref.com/en/stathead/matchup/teams/d07537b9/8602292d/Brighton-and-Hove-Albion-vs-Aston-Villa-History
38;Sun;2023-05-28;16:30;Leeds United;;;;Tottenham;;Elland Road;;Head-to-Head;;https://fbref.com/en/stathead/matchup/teams/5bfb9659/361ca564/Leeds-United-vs-Tottenham-Hotspur-History
38;Sun;2023-05-28;16:30;Brentford;;;;Manchester City;;Brentford Community Stadium;;Head-to-Head;;https://fbref.com/en/stathead/matchup/teams/cd051869/b8fd03ef/Brentford-vs-Manchester-City-History
